source,target,weight,raw_count
High Energy Physics - Theory,High Energy Physics - Theory,0.00018185994108757374,604877
General Relativity and Quantum Cosmology,High Energy Physics - Theory,8.22898647580823e-05,122651
Astrophysics,Astrophysics,3.177811406906275e-05,221130
High Energy Physics - Phenomenology,Astrophysics,1.7234071054107403e-05,92076
General Relativity and Quantum Cosmology,Astrophysics,2.9302993983835996e-05,63173
High Energy Physics - Theory,Astrophysics,1.5171435592557396e-05,72988
High Energy Physics - Theory,High Energy Physics - Phenomenology,3.9353025059799736e-05,145359
Quantum Physics,High Energy Physics - Theory,7.391372670251898e-06,10237
High Energy Physics - Phenomenology,High Energy Physics - Theory,3.9939696716213075e-05,147526
High Energy Physics - Lattice,High Energy Physics - Theory,3.6178063031750824e-05,22346
High Energy Physics - Phenomenology,High Energy Physics - Phenomenology,0.0001088393510834364,446461
Astrophysics,High Energy Physics - Theory,1.651983673642926e-05,79475
Astrophysics,High Energy Physics - Phenomenology,1.9485753086134337e-05,104106
Astrophysics,Nuclear Theory,3.993692183718839e-06,5922
Astrophysics,Condensed Matter,5.082619259822768e-07,582
Nuclear Theory,High Energy Physics - Theory,6.376456934082922e-06,6537
Nuclear Theory,Astrophysics,4.157567090953503e-06,6165
Nuclear Theory,High Energy Physics - Phenomenology,4.194556183333917e-05,47755
Nuclear Theory,Nuclear Theory,0.00012057805971866313,38101
Nuclear Theory,Condensed Matter,3.2375569457579544e-06,790
High Energy Physics - Theory,Nuclear Theory,6.597882010423265e-06,6764
High Energy Physics - Theory,Condensed Matter,8.048873853410636e-06,6372
High Energy Physics - Phenomenology,Nuclear Theory,4.1325447360418277e-05,47049
High Energy Physics - Phenomenology,Condensed Matter,2.6172318277379093e-06,2301
Condensed Matter,High Energy Physics - Theory,1.334026314593059e-05,10561
Condensed Matter,Astrophysics,9.466596696989486e-07,1084
Condensed Matter,High Energy Physics - Phenomenology,4.706695047014111e-06,4138
Condensed Matter,Nuclear Theory,6.294794264157238e-06,1536
Condensed Matter,Condensed Matter,3.12104414884915e-05,5881
High Energy Physics - Lattice,Astrophysics,1.4170476745206702e-06,1266
High Energy Physics - Lattice,High Energy Physics - Phenomenology,5.326241435936614e-05,36535
High Energy Physics - Lattice,Nuclear Theory,4.723161391769429e-05,8992
High Energy Physics - Lattice,Condensed Matter,8.250793093031875e-06,1213
SUPR-CON,High Energy Physics - Theory,1.7216907727252313e-06,1096
SUPR-CON,Astrophysics,5.310784710210418e-07,489
SUPR-CON,High Energy Physics - Phenomenology,3.3934469661937684e-06,2399
SUPR-CON,Nuclear Theory,6.7529175457861065e-06,1325
SUPR-CON,Condensed Matter,4.474697388029377e-06,678
STAT-MECH,High Energy Physics - Theory,4.401300964953941e-06,5316
STAT-MECH,Astrophysics,4.0239878352065864e-07,703
STAT-MECH,High Energy Physics - Phenomenology,1.0802659834930393e-06,1449
STAT-MECH,Nuclear Theory,2.0038531571249088e-06,746
STAT-MECH,Condensed Matter,6.459477314331325e-06,1857
High Energy Physics - Experiment,High Energy Physics - Theory,7.13277824620837e-06,4562
High Energy Physics - Experiment,Astrophysics,1.0528527542617242e-05,9740
High Energy Physics - Experiment,High Energy Physics - Phenomenology,0.00010644375327220741,75605
High Energy Physics - Experiment,Nuclear Theory,3.162793736542274e-05,6235
High Energy Physics - Experiment,Condensed Matter,3.8099634880688694e-07,58
Nuclear Experiment,High Energy Physics - Theory,3.0590292202618954e-06,826
Nuclear Experiment,Astrophysics,5.9939101872497546e-06,2341
Nuclear Experiment,High Energy Physics - Phenomenology,5.7812093581665754e-05,17336
Nuclear Experiment,Nuclear Theory,0.00011969639937082133,9962
Nuclear Experiment,Condensed Matter,7.935296031819853e-07,51
General Relativity and Quantum Cosmology,High Energy Physics - Phenomenology,2.494274713377894e-05,41286
General Relativity and Quantum Cosmology,Nuclear Theory,1.6151398455121786e-06,742
General Relativity and Quantum Cosmology,Condensed Matter,2.232491507765795e-06,792
High Energy Physics - Theory,General Relativity and Quantum Cosmology,8.26682675735796e-05,123215
General Relativity and Quantum Cosmology,General Relativity and Quantum Cosmology,0.0001693979791982761,113143
Astrophysics,High Energy Physics - Experiment,8.684413786179356e-06,8034
Condensed Matter,Quantum Physics,8.111537462297011e-06,2674
Quantum Physics,Quantum Physics,9.456751755151295e-05,54539
High Energy Physics - Theory,Quantum Physics,8.855639914099788e-06,12265
High Energy Physics - Theory,High Energy Physics - Lattice,3.6071209359500955e-05,22280
High Energy Physics - Phenomenology,General Relativity and Quantum Cosmology,2.8820152334200225e-05,47704
High Energy Physics - Phenomenology,High Energy Physics - Lattice,4.783193691339272e-05,32810
General Relativity and Quantum Cosmology,High Energy Physics - Lattice,5.180837231967543e-06,1434
High Energy Physics - Lattice,General Relativity and Quantum Cosmology,8.284281571061071e-06,2293
High Energy Physics - Lattice,High Energy Physics - Lattice,0.0004649877380145958,53336
High Energy Physics - Experiment,General Relativity and Quantum Cosmology,5.900004312480976e-06,1691
High Energy Physics - Experiment,High Energy Physics - Lattice,2.27406862955582e-05,2701
Astrophysics,General Relativity and Quantum Cosmology,3.318915553381111e-05,71551
Astrophysics,High Energy Physics - Lattice,9.0216463322564e-07,806
DATA-AN,High Energy Physics - Phenomenology,4.045387642274517e-06,292
High Energy Physics - Experiment,High Energy Physics - Experiment,0.00021704538894413362,26694
Astrophysics,Nuclear Experiment,4.672740748283128e-06,1825
Nuclear Theory,High Energy Physics - Lattice,3.947873778974536e-05,7516
Quantum Physics,MES-HALL,7.688661647743864e-06,2246
High Energy Physics - Theory,MES-HALL,3.853049795395786e-06,2703
Quantum Physics,Condensed Matter,4.7110013758217125e-06,1553
High Energy Physics - Lattice,Quantum Physics,1.621302278979466e-06,417
General Relativity and Quantum Cosmology,Quantum Physics,9.287132651931062e-06,5764
COMP-PH,High Energy Physics - Phenomenology,3.3220284704483975e-06,300
High Energy Physics - Phenomenology,High Energy Physics - Experiment,7.197853165850941e-05,51125
High Energy Physics - Theory,High Energy Physics - Experiment,6.6543411257919385e-06,4256
Nuclear Experiment,High Energy Physics - Experiment,7.010329450817725e-05,3640
General Relativity and Quantum Cosmology,High Energy Physics - Experiment,2.8575420058674862e-06,819
Nuclear Theory,High Energy Physics - Experiment,2.2294271807703762e-05,4395
SOFT,Condensed Matter,4.383937210761624e-06,486
DIS-NN,Condensed Matter,7.166903687780662e-06,747
Materials Science,Condensed Matter,1.7136823288533822e-06,243
STR-EL,Condensed Matter,4.4019757475787375e-06,925
MES-HALL,Condensed Matter,5.4019989120781434e-06,902
High Energy Physics - Phenomenology,Nuclear Experiment,4.162163936275786e-05,12481
Nuclear Theory,Nuclear Experiment,0.00010068819782448129,8380
STAT-MECH,STAT-MECH,3.747298999615943e-05,16436
STAT-MECH,DIS-NN,2.8505812648366764e-05,4533
STAT-MECH,DATA-AN,1.5887971750423607e-05,375
DIS-NN,DIS-NN,9.780820638083116e-05,5639
DIS-NN,DATA-AN,1.8230025763934487e-05,156
DIS-NN,STAT-MECH,2.8851680659763228e-05,4588
Condensed Matter,DIS-NN,1.2482117400003537e-05,1301
Condensed Matter,DATA-AN,4.6540703820843115e-06,72
Condensed Matter,STAT-MECH,1.3965967375896753e-05,4015
SOFT,DIS-NN,1.159470999428777e-05,711
SOFT,DATA-AN,1.5381822992133735e-06,14
SOFT,STAT-MECH,1.5188990177991315e-05,2569
BIO-PH,DIS-NN,5.235161934336904e-06,51
BIO-PH,DATA-AN,2.0747734520288173e-05,30
BIO-PH,STAT-MECH,5.954625234682015e-06,160
STR-EL,DIS-NN,6.35788378105052e-06,739
STR-EL,DATA-AN,5.216751382844863e-07,9
STR-EL,STAT-MECH,6.547192230217719e-06,2099
High Energy Physics - Lattice,DIS-NN,4.6851349521765776e-06,381
High Energy Physics - Lattice,DATA-AN,6.627909963157105e-07,8
High Energy Physics - Lattice,STAT-MECH,1.0129312352995122e-05,2272
MES-HALL,DIS-NN,1.1898929217633386e-05,1099
MES-HALL,DATA-AN,4.376741760856581e-07,6
MES-HALL,STAT-MECH,4.192334706958866e-06,1068
Quantum Physics,General Relativity and Quantum Cosmology,9.030947001053713e-06,5605
Condensed Matter,General Relativity and Quantum Cosmology,4.002699420489178e-06,1420
High Energy Physics - Phenomenology,Quantum Physics,1.6787068207486773e-06,2582
Astrophysics,Quantum Physics,5.356207063018103e-07,1073
STAT-MECH,General Relativity and Quantum Cosmology,9.829083108467191e-07,532
STAT-MECH,Quantum Physics,3.1434777176788978e-06,1581
FLU-DYN,High Energy Physics - Theory,3.270054862443571e-06,281
FLU-DYN,General Relativity and Quantum Cosmology,4.2329350392494354e-06,163
FLU-DYN,Quantum Physics,1.0619760859753482e-06,38
SUPR-CON,STR-EL,4.311423780442913e-05,7285
SUPR-CON,SUPR-CON,0.00010499235358220417,12792
STR-EL,STR-EL,6.278621861405992e-05,14713
STR-EL,SUPR-CON,3.990064396396173e-05,6742
Nuclear Experiment,Nuclear Experiment,0.000329271436993833,7218
Quantum Physics,Astrophysics,7.372896395226223e-07,1477
Quantum Physics,High Energy Physics - Phenomenology,1.5265699516335763e-06,2348
High Energy Physics - Experiment,Nuclear Experiment,7.564992879893412e-05,3928
INS-DET,Nuclear Experiment,1.1724178007684944e-05,46
MES-HALL,High Energy Physics - Theory,3.101826250381513e-06,2176
ATOM-PH,Nuclear Experiment,3.7990739681221224e-06,50
ATOM-PH,High Energy Physics - Lattice,1.9929707920165575e-06,60
ATOM-PH,High Energy Physics - Experiment,2.8228661137056885e-06,88
ATOM-PH,High Energy Physics - Phenomenology,5.360035619963965e-06,965
ATOM-PH,Nuclear Theory,7.584803304236507e-06,379
High Energy Physics - Lattice,Nuclear Experiment,2.211620800961706e-05,1109
High Energy Physics - Lattice,High Energy Physics - Experiment,2.1503040651186834e-05,2554
Nuclear Experiment,High Energy Physics - Lattice,1.8247367293777827e-05,915
High Energy Physics - Theory,Nuclear Experiment,1.7665338233231527e-06,477
Atomic Physics,Nuclear Experiment,3.4729095689077354e-06,2
Atomic Physics,High Energy Physics - Lattice,3.7955561628445415e-06,5
Atomic Physics,High Energy Physics - Experiment,3.6655010373367936e-06,5
Atomic Physics,High Energy Physics - Phenomenology,6.473904263142121e-06,51
Atomic Physics,Nuclear Theory,7.775167760678507e-06,17
Quantum Physics,Nuclear Experiment,7.47076861668847e-07,84
Quantum Physics,High Energy Physics - Lattice,1.08864421610132e-06,280
Quantum Physics,High Energy Physics - Experiment,3.041381372890816e-07,81
Quantum Physics,Nuclear Theory,1.5812012181855288e-06,675
COMP-PH,Nuclear Experiment,4.544339116762249e-07,3
COMP-PH,High Energy Physics - Lattice,8.409983378694268e-06,127
COMP-PH,High Energy Physics - Experiment,3.133613440004093e-06,49
COMP-PH,Nuclear Theory,1.0772353831127794e-06,27
INS-DET,High Energy Physics - Lattice,2.2284172220996592e-07,2
INS-DET,High Energy Physics - Experiment,2.5609517271359736e-05,238
INS-DET,High Energy Physics - Phenomenology,3.3723742479838325e-06,181
INS-DET,Nuclear Theory,1.342616361874851e-06,20
STR-EL,Nuclear Experiment,9.76670740406833e-08,7
STR-EL,High Energy Physics - Lattice,2.6227719552240374e-06,430
STR-EL,High Energy Physics - Experiment,4.1233294919610393e-08,7
STR-EL,High Energy Physics - Phenomenology,5.089595879110679e-07,499
STR-EL,Nuclear Theory,1.2972456116790149e-06,353
SUPR-CON,STAT-MECH,4.222022420202197e-06,976
Condensed Matter,STR-EL,9.479714258569562e-06,1992
MES-HALL,STR-EL,1.4446326130635002e-05,2690
High Energy Physics - Theory,STR-EL,2.299389648199455e-06,2030
MES-HALL,Quantum Physics,7.928290461342293e-06,2316
DATA-AN,High Energy Physics - Theory,1.1692965376637185e-06,76
DIS-NN,High Energy Physics - Theory,1.710422517384972e-06,749
MES-HALL,SUPR-CON,1.1506988592634371e-05,1545
SOFT,SUPR-CON,3.522434678131586e-06,314
STAT-MECH,SUPR-CON,4.005730288019708e-06,926
Condensed Matter,SUPR-CON,8.137613391504751e-06,1233
DIS-NN,SUPR-CON,3.69877492040654e-06,310
Condensed Matter,High Energy Physics - Lattice,1.4549419971966348e-05,2139
Condensed Matter,COMP-PH,5.52826727053945e-06,107
STR-EL,COMP-PH,4.957311524869025e-06,107
DIS-NN,STR-EL,6.5557610841143374e-06,762
DIS-NN,High Energy Physics - Lattice,4.832698257756942e-06,393
DIS-NN,COMP-PH,8.126185652518698e-06,87
STAT-MECH,STR-EL,6.416186001695021e-06,2057
STAT-MECH,High Energy Physics - Lattice,8.127524832530858e-06,1823
STAT-MECH,COMP-PH,1.0599523258503409e-05,313
High Energy Physics - Lattice,STR-EL,2.390992108018192e-06,392
High Energy Physics - Lattice,COMP-PH,1.556178026766262e-05,235
SUPR-CON,High Energy Physics - Lattice,3.7896417249028014e-06,448
SUPR-CON,COMP-PH,1.3493039519185174e-06,21
High Energy Physics - Phenomenology,STR-EL,5.936161927139108e-07,582
High Energy Physics - Phenomenology,STAT-MECH,1.1242519690182907e-06,1508
High Energy Physics - Phenomenology,COMP-PH,2.0264373669735225e-06,183
High Energy Physics - Theory,STAT-MECH,5.150581885436129e-06,6221
High Energy Physics - Theory,COMP-PH,2.1520577607383995e-06,175
Materials Science,STR-EL,7.677147976205141e-06,1214
Materials Science,STAT-MECH,3.3280763593839895e-06,720
Materials Science,High Energy Physics - Lattice,2.1693091563827854e-07,24
Materials Science,COMP-PH,3.432816351190844e-06,50
MES-HALL,High Energy Physics - Lattice,9.28794185656286e-07,121
MES-HALL,COMP-PH,1.2827060900552963e-06,22
COMP-PH,STR-EL,2.0848506413000573e-06,45
COMP-PH,STAT-MECH,7.991972808328448e-06,236
COMP-PH,COMP-PH,0.0002328856697349228,463
Nuclear Theory,STR-EL,1.0436763561383576e-06,284
Nuclear Theory,STAT-MECH,2.0817509340104615e-06,775
Nuclear Theory,COMP-PH,9.57542562766915e-07,24
Quantum Physics,STR-EL,2.7337891607136706e-06,1005
MES-HALL,General Relativity and Quantum Cosmology,3.3718614522742147e-07,106
MES-HALL,High Energy Physics - Phenomenology,2.4003048525790006e-07,187
FLU-DYN,High Energy Physics - Lattice,6.266488698387632e-07,10
FLU-DYN,High Energy Physics - Phenomenology,1.047888175242112e-06,100
FLU-DYN,Condensed Matter,2.4446016594933904e-06,50
CHEM-PH,STAT-MECH,4.5175728798192775e-06,151
CHEM-PH,High Energy Physics - Theory,7.605016146970283e-07,70
CHEM-PH,High Energy Physics - Lattice,1.1700586667415505e-06,20
SOFT,High Energy Physics - Theory,8.094313619724835e-07,377
SOFT,High Energy Physics - Lattice,1.1908345970053862e-06,103
Quantum Physics,STAT-MECH,3.6325956927257092e-06,1827
STR-EL,High Energy Physics - Theory,1.9448532147578642e-06,1717
Materials Science,High Energy Physics - Theory,1.7792645715389913e-07,106
Astrophysics,SUPR-CON,5.256482208061027e-07,484
General Relativity and Quantum Cosmology,SUPR-CON,3.9612141467703176e-07,113
High Energy Physics - Theory,SUPR-CON,1.764104687746747e-06,1123
Quantum Physics,SUPR-CON,2.1352240402686656e-06,566
SUPR-CON,General Relativity and Quantum Cosmology,4.136489109016792e-07,118
HIST-PH,Astrophysics,3.995940124833169e-06,101
HIST-PH,High Energy Physics - Phenomenology,6.904995150786801e-06,134
Condensed Matter,ATOM-PH,4.431590585715553e-06,171
Condensed Matter,CHEM-PH,2.1909512617414448e-06,48
MES-HALL,MES-HALL,7.659352652843453e-05,11333
SOFT,OTHER,1.3132814024344485e-05,385
STAT-MECH,OTHER,1.3074974984573766e-05,994
OTHER,STAT-MECH,1.1115044126725184e-05,845
OTHER,OTHER,0.00010692955095659829,1409
SUPR-CON,OTHER,1.1829906903125043e-05,474
DATA-AN,High Energy Physics - Experiment,2.33629343845587e-05,292
High Energy Physics - Theory,FLU-DYN,3.2351432446950633e-06,278
GEN-PH,High Energy Physics - Theory,2.646400531397227e-06,288
GEN-PH,FLU-DYN,4.623652472053577e-06,13
FLU-DYN,FLU-DYN,0.00014053421017071302,312
ATOM-PH,Condensed Matter,3.4986241466175416e-06,135
Condensed Matter,High Energy Physics - Experiment,6.503213539979621e-07,99
Condensed Matter,Nuclear Experiment,1.4159057625404051e-06,91
Condensed Matter,MES-HALL,1.0935753895182584e-05,1826
STAT-MECH,Nuclear Experiment,3.5694207358419997e-07,35
DATA-AN,High Energy Physics - Lattice,7.456398708551744e-07,9
STR-EL,MES-HALL,1.4736326729539943e-05,2744
SOFT,High Energy Physics - Phenomenology,5.335977379724692e-07,276
STR-EL,Materials Science,7.588614144519086e-06,1200
Nuclear Theory,Materials Science,1.034711409185449e-07,19
SUPR-CON,Materials Science,7.568678964702944e-06,863
STAT-MECH,Materials Science,3.272608420060923e-06,708
High Energy Physics - Theory,Materials Science,3.038178183476957e-07,181
Condensed Matter,Materials Science,2.538788635338344e-06,360
Materials Science,Materials Science,2.0101416095564663e-05,2145
High Energy Physics - Experiment,STAT-MECH,8.611118322922707e-08,20
Accelerator Physics,High Energy Physics - Experiment,2.5763235862424322e-05,14
Accelerator Physics,High Energy Physics - Phenomenology,1.0196593509294673e-05,32
SUPR-CON,MES-HALL,1.1641050595655355e-05,1563
General Relativity and Quantum Cosmology,MES-HALL,4.357971876995919e-07,137
High Energy Physics - Phenomenology,SUPR-CON,3.4146648505176145e-06,2414
High Energy Physics - Phenomenology,MES-HALL,3.0035900294304075e-07,234
ATOM-PH,Astrophysics,1.757019563960796e-06,412
ATOM-PH,General Relativity and Quantum Cosmology,3.055852560564933e-06,222
ATOM-PH,High Energy Physics - Theory,2.621579739030311e-06,425
GEN-PH,Astrophysics,1.2133935832164313e-06,191
GEN-PH,General Relativity and Quantum Cosmology,6.049094698639023e-06,295
GEN-PH,High Energy Physics - Phenomenology,2.2836965192716803e-06,276
CLASS-PH,Astrophysics,1.4575499662387068e-06,138
CLASS-PH,General Relativity and Quantum Cosmology,9.750130740389474e-06,286
CLASS-PH,High Energy Physics - Phenomenology,8.804107171020951e-07,64
CLASS-PH,High Energy Physics - Theory,3.544272547225904e-06,232
Optics,Astrophysics,2.5607365926650714e-07,43
Optics,General Relativity and Quantum Cosmology,1.8837469772588682e-06,98
Optics,High Energy Physics - Phenomenology,2.6294028623772636e-06,339
Optics,High Energy Physics - Theory,1.0939436043302111e-06,127
Nuclear Theory,General Relativity and Quantum Cosmology,2.0134829610495487e-06,925
DIS-NN,MES-HALL,1.3187348304893051e-05,1218
Astrophysics,SPACE-PH,1.5435929998347484e-05,479
General Relativity and Quantum Cosmology,SPACE-PH,3.370096509578563e-05,324
High Energy Physics - Phenomenology,SPACE-PH,8.6881760723098e-06,207
Astrophysics,STAT-MECH,4.3617051641926303e-07,762
STR-EL,Quantum Physics,2.82083518374137e-06,1037
DATA-AN,DIS-NN,1.5191688136612074e-05,130
DATA-AN,STAT-MECH,1.1524075509640588e-05,272
Nuclear Experiment,General Relativity and Quantum Cosmology,1.0826302407485362e-06,131
Nuclear Theory,Quantum Physics,1.7194099172565602e-06,734
Optics,Nuclear Experiment,1.1671253469280094e-06,11
Optics,High Energy Physics - Experiment,5.554517816339869e-06,124
Optics,Nuclear Theory,7.824925562600969e-07,28
Optics,Quantum Physics,8.874235023875106e-06,429
Nuclear Experiment,Quantum Physics,5.78095190577084e-07,65
DATA-AN,Nuclear Experiment,4.169340414136793e-06,22
DATA-AN,Astrophysics,1.8189150701325785e-06,171
DATA-AN,Nuclear Theory,1.048241470109744e-06,21
High Energy Physics - Phenomenology,Atomic Physics,2.5387859855459296e-07,2
High Energy Physics - Theory,DIS-NN,1.726407774556794e-06,756
OTHER,DIS-NN,5.659845464450184e-06,156
PLASM-PH,High Energy Physics - Theory,8.67694919854491e-07,60
CO,STAT-MECH,4.3825957384126e-06,486
SOC-PH,STAT-MECH,1.0761452865620256e-05,254
SOFT,Astrophysics,1.6476573323049102e-07,111
FLU-DYN,Astrophysics,2.5021557962881522e-06,311
High Energy Physics - Lattice,MES-HALL,1.2511855558840877e-06,163
OTHER,Quantum Physics,9.4293683527685e-06,822
OTHER,STR-EL,7.054414731921443e-06,392
Quantum Physics,DIS-NN,1.201014149509645e-06,219
ACC-PH,High Energy Physics - Experiment,3.0092805784672587e-05,281
ACC-PH,High Energy Physics - Phenomenology,1.0106147181773836e-05,545
SUPR-CON,DIS-NN,4.772612800524567e-06,400
Condensed Matter,SOFT,7.414807381164723e-06,822
ATOM-PH,STAT-MECH,3.006585288085142e-06,177
ATOM-PH,SOFT,4.360919186617211e-06,99
STAT-MECH,SOFT,1.479285847619084e-05,2502
Quantum Physics,SOFT,1.124029197122444e-06,218
MES-HALL,SOFT,1.8424930278435103e-06,181
SPACE-PH,Astrophysics,1.4855874173774928e-05,461
POP-PH,Astrophysics,4.385787941890064e-06,75
POP-PH,General Relativity and Quantum Cosmology,1.6987478340965116e-05,90
POP-PH,High Energy Physics - Phenomenology,6.321577104009365e-06,83
POP-PH,High Energy Physics - Theory,9.473253284343081e-06,112
DATA-AN,General Relativity and Quantum Cosmology,2.1286685370567548e-06,62
CO,General Relativity and Quantum Cosmology,7.819123647236802e-07,107
OTHER,Nuclear Theory,5.889018653931509e-06,380
OTHER,High Energy Physics - Phenomenology,1.64737836078627e-06,383
OTHER,Nuclear Experiment,7.060626065713247e-07,12
SUPR-CON,Nuclear Experiment,2.708982731318681e-07,14
MES-HALL,Materials Science,6.852143009715877e-06,861
Materials Science,MES-HALL,7.719603623024855e-06,970
Astrophysics,SOFT,1.4398446957979845e-07,97
Astrophysics,FLU-DYN,2.791794409363308e-06,347
High Energy Physics - Phenomenology,OTHER,2.090407006115215e-06,486
High Energy Physics - Phenomenology,SOFT,5.045978609087481e-07,261
Nuclear Theory,OTHER,7.190801724800579e-06,464
Nuclear Theory,SOFT,1.1632849763431024e-06,167
OTHER,High Energy Physics - Theory,2.206837412829922e-06,462
OTHER,SOFT,6.651685025317336e-06,195
Condensed Matter,OTHER,8.830197509442793e-06,440
High Energy Physics - Lattice,OTHER,3.1380780043881646e-06,122
High Energy Physics - Lattice,SOFT,9.711660791111887e-07,84
High Energy Physics - Theory,OTHER,4.22738335574563e-06,885
High Energy Physics - Theory,SOFT,8.137254275532394e-07,379
Astrophysics,OTHER,3.3024298552340246e-07,100
ATM-CLUS,High Energy Physics - Theory,1.6351531770617442e-06,48
ATM-CLUS,OTHER,1.8942776578068594e-05,35
ATM-CLUS,SOFT,3.40575923617578e-06,14
ATM-CLUS,High Energy Physics - Phenomenology,1.8098202256489992e-06,59
ATM-CLUS,Nuclear Theory,1.6578278653012648e-05,150
SOFT,SOFT,4.026262639643545e-05,2626
SOFT,Nuclear Theory,1.5324712263202546e-06,220
ATOM-PH,OTHER,1.5778234464564145e-05,161
Quantum Physics,OTHER,1.3432834964832012e-05,1171
High Energy Physics - Experiment,OTHER,2.48405855422824e-07,10
High Energy Physics - Experiment,SOFT,7.815741439195095e-08,7
Nuclear Experiment,OTHER,1.2356095614998182e-06,21
Nuclear Experiment,SOFT,2.909142302335417e-07,11
SUPR-CON,SOFT,2.512819642998329e-06,224
STR-EL,OTHER,8.278139736438428e-06,460
STR-EL,SOFT,1.1647902542775952e-06,144
High Energy Physics - Phenomenology,ACC-PH,1.0291581075017393e-05,555
High Energy Physics - Phenomenology,Optics,1.760691592211324e-06,227
ACC-PH,ACC-PH,0.0008336107334081844,591
ACC-PH,Optics,7.610861938964427e-05,129
Optics,ACC-PH,8.436846955596226e-05,143
Optics,Optics,0.00015078344461941248,611
High Energy Physics - Experiment,ACC-PH,3.887433629834928e-05,363
High Energy Physics - Experiment,Optics,5.01698383411343e-06,112
High Energy Physics - Theory,ACC-PH,8.649125252183781e-07,42
High Energy Physics - Theory,Optics,8.355317292915787e-07,97
Astrophysics,ACC-PH,7.68815083400206e-07,54
Astrophysics,Optics,2.441632565099254e-07,41
Materials Science,SUPR-CON,6.384702533376296e-06,728
Nuclear Theory,SUPR-CON,7.751839688408051e-06,1521
High Energy Physics - Lattice,SUPR-CON,4.305642049052514e-06,509
Materials Science,OTHER,4.640259854551855e-06,174
DATA-AN,Condensed Matter,1.93919599253513e-06,30
HIST-PH,High Energy Physics - Theory,1.1731302135623466e-05,205
HIST-PH,General Relativity and Quantum Cosmology,1.8389085464807123e-05,144
GEO-PH,Astrophysics,4.743995266685824e-06,167
GEO-PH,High Energy Physics - Experiment,1.0042777960589576e-05,47
GEO-PH,High Energy Physics - Phenomenology,4.698859701447035e-06,127
GEO-PH,Nuclear Experiment,1.3159200001619594e-05,26
SUPR-CON,Quantum Physics,2.4747472975552023e-06,656
DIS-NN,Quantum Physics,1.266823144003324e-06,231
DIS-NN,OTHER,5.913812889137051e-06,163
Materials Science,Quantum Physics,6.489974098553684e-07,161
SOFT,Quantum Physics,1.6293267261040931e-06,316
MES-HALL,OTHER,9.71570356641057e-06,429
CO,Astrophysics,3.712941532422888e-07,164
CO,High Energy Physics - Theory,1.1625118166870155e-06,355
CO,High Energy Physics - Phenomenology,2.9782189139222933e-07,101
High Energy Physics - Theory,GEN-PH,7.3419236964805e-06,799
High Energy Physics - Phenomenology,GEN-PH,3.193865421879959e-06,386
High Energy Physics - Phenomenology,FLU-DYN,1.3622546278147454e-06,130
FLU-DYN,GEN-PH,6.75764592069369e-06,19
Chemical Physics,STAT-MECH,2.1614615724554343e-06,11
Chemical Physics,High Energy Physics - Lattice,2.3054489285426106e-06,6
Chemical Physics,High Energy Physics - Phenomenology,8.352919322814695e-07,13
Astrophysics,ATOM-PH,9.254204984939144e-07,217
High Energy Physics - Phenomenology,ATOM-PH,3.7436932723893395e-06,674
High Energy Physics - Theory,ATOM-PH,1.9060426808479203e-06,309
General Relativity and Quantum Cosmology,ATOM-PH,1.472865873785801e-06,107
ATOM-PH,ATOM-PH,0.00010402797061551527,822
Nuclear Theory,ATOM-PH,6.964410421831937e-06,348
High Energy Physics - Experiment,Quantum Physics,5.857475236678609e-07,156
SOFT,STR-EL,1.7957183086779592e-06,222
Chemical Physics,Condensed Matter,8.094347716989226e-06,27
Chemical Physics,High Energy Physics - Theory,1.355758434101863e-06,19
SPACE-PH,SPACE-PH,0.0007081743554168112,98
SPACE-PH,General Relativity and Quantum Cosmology,3.422104171763418e-05,329
High Energy Physics - Theory,SPACE-PH,4.9408072645155325e-06,106
Quantum Physics,SPACE-PH,7.835604539277647e-07,7
STR-EL,General Relativity and Quantum Cosmology,2.3001873272559317e-07,91
General Relativity and Quantum Cosmology,STAT-MECH,1.082677199541687e-06,586
SOFT,COMP-PH,3.688364789815898e-06,42
COMP-PH,High Energy Physics - Theory,2.4348996378640177e-06,198
COMP-PH,SOFT,2.9858191155652508e-06,34
COMP-PH,DIS-NN,4.950434937741275e-06,53
Astrophysics,INS-DET,1.988433212476649e-06,139
High Energy Physics - Phenomenology,INS-DET,3.745012286435085e-06,201
Nuclear Experiment,INS-DET,1.1469304572735271e-05,45
Atomic Physics,Condensed Matter,1.0660848212619957e-05,18
STAT-MECH,MES-HALL,4.058870867973284e-06,1034
INS-DET,Astrophysics,1.8167699135578014e-06,127
DIS-NN,SOFT,1.0143332793877628e-05,622
SPACE-PH,High Energy Physics - Theory,4.800973096651885e-06,103
SPACE-PH,High Energy Physics - Phenomenology,8.772119802477045e-06,209
PLASM-PH,PLASM-PH,0.00010642730493370553,153
PLASM-PH,AO-PH,1.96704801170787e-05,10
PLASM-PH,Astrophysics,2.069623701018681e-06,207
PLASM-PH,SPACE-PH,1.793609369815348e-05,8
PLASM-PH,FLU-DYN,2.0151020705173775e-05,36
PLASM-PH,GEO-PH,9.881852570665127e-06,5
Astrophysics,PLASM-PH,2.2195964329765562e-06,222
Astrophysics,AO-PH,2.6859503197581445e-06,95
Astrophysics,GEO-PH,6.391610389247369e-06,225
SPACE-PH,PLASM-PH,3.138816397176859e-05,14
SPACE-PH,AO-PH,3.804017041996348e-05,6
SPACE-PH,FLU-DYN,1.8041423107454718e-05,10
SPACE-PH,GEO-PH,0.00024843296132089895,39
FLU-DYN,PLASM-PH,2.4069274731179788e-05,43
FLU-DYN,AO-PH,6.648094212992276e-05,42
FLU-DYN,SPACE-PH,1.8041423107454718e-05,10
FLU-DYN,GEO-PH,3.81691529628805e-05,24
GEO-PH,PLASM-PH,2.3716446169596306e-05,12
GEO-PH,AO-PH,0.0001229544844853796,22
GEO-PH,SPACE-PH,0.00024843296132089895,39
GEO-PH,FLU-DYN,2.8626864722160376e-05,18
GEO-PH,GEO-PH,0.0007299925877675703,130
AO-PH,PLASM-PH,2.5571624152202307e-05,13
AO-PH,AO-PH,0.0008121217515129939,146
AO-PH,Astrophysics,1.215745934206318e-06,43
AO-PH,SPACE-PH,1.2680056806654494e-05,2
AO-PH,FLU-DYN,4.906926681018108e-05,31
AO-PH,GEO-PH,6.14772422426898e-05,11
STAT-MECH,PLASM-PH,2.3097762834321697e-06,58
STAT-MECH,AO-PH,1.0135326884562682e-06,9
STAT-MECH,SPACE-PH,1.7969922457217464e-06,14
STAT-MECH,FLU-DYN,3.973713245956506e-06,124
STAT-MECH,GEO-PH,6.6757592770990004e-06,59
Astrophysics,COMP-PH,9.437220294818762e-07,111
General Relativity and Quantum Cosmology,COMP-PH,3.347965589499902e-06,122
SOFT,General Relativity and Quantum Cosmology,3.880868937479029e-07,81
DIS-NN,High Energy Physics - Phenomenology,2.385315319489617e-07,116
DIS-NN,Nuclear Theory,2.2967527886727828e-07,31
Nuclear Experiment,SUPR-CON,5.417965462637362e-07,28
High Energy Physics - Experiment,ATOM-PH,1.9567594651823525e-06,61
GEN-PH,ATOM-PH,1.0934407318361113e-05,58
STR-EL,Astrophysics,4.2287842972496305e-08,54
General Relativity and Quantum Cosmology,OTHER,1.9186959007701646e-06,180
General Relativity and Quantum Cosmology,GEO-PH,4.951326625447178e-06,54
POP-PH,Quantum Physics,6.5000025390634915e-06,32
OTHER,High Energy Physics - Lattice,1.8262585107504894e-06,71
OTHER,Materials Science,3.786878731875652e-06,142
Nuclear Experiment,ACC-PH,1.0907493295696562e-05,43
Nuclear Theory,ACC-PH,1.803921484785058e-06,27
Materials Theory,Condensed Matter,3.336601348987925e-06,12
Superconductivity,Condensed Matter,1.8107009054767808e-05,43
Nuclear Experiment,Optics,3.18306912798548e-07,3
Nuclear Theory,Optics,5.589232544714978e-07,20
Quantum Physics,Optics,9.536182624723598e-06,461
COMP-PH,Astrophysics,1.3008060406371807e-06,153
CHEM-PH,Quantum Physics,3.28741904730596e-06,126
COMP-PH,Condensed Matter,1.7049796254934753e-06,33
COMP-PH,Quantum Physics,5.433956023348292e-06,184
SOFT,MES-HALL,2.49398227525779e-06,245
ATM-CLUS,STAT-MECH,3.5647323022063724e-06,38
OTHER,SUPR-CON,1.0806644913614226e-05,433
FLU-DYN,STAT-MECH,6.825813882167225e-06,213
OTHER,MES-HALL,7.496265455668762e-06,331
Astrophysics,CO,7.923960587487872e-08,35
OTHER,QUANT-GAS,0.00020916233037445158,41
SOFT,QUANT-GAS,2.29303102012364e-05,10
SUPR-CON,QUANT-GAS,9.89846523457685e-05,59
High Energy Physics - Theory,QUANT-GAS,3.2110068176096754e-07,1
High Energy Physics - Phenomenology,QUANT-GAS,2.602255635184578e-06,9
Nuclear Experiment,QUANT-GAS,7.91051624028984e-06,2
Nuclear Experiment,STR-EL,1.6742926978402853e-07,12
Nuclear Theory,QUANT-GAS,9.375937593759377e-06,9
STR-EL,QUANT-GAS,4.5969669695825955e-05,38
Condensed Matter,QUANT-GAS,6.745289764157689e-06,5
Quantum Physics,FLU-DYN,9.222423904522761e-07,33
Condensed Matter,FLU-DYN,5.622583816834798e-06,115
General Relativity and Quantum Cosmology,FLU-DYN,5.063940691126626e-06,195
MES-HALL,FLU-DYN,1.0483128783581875e-06,19
GEN-PH,STAT-MECH,1.2905040838001732e-06,51
GEN-PH,Quantum Physics,3.950013135448709e-06,179
High Energy Physics - Phenomenology,DIS-NN,2.2619369408953265e-07,110
Quantum Physics,ATOM-PH,6.932700146719933e-06,468
STAT-MECH,CO,4.761338580003812e-06,528
High Energy Physics - Lattice,CO,3.1035391808596273e-06,176
CO,High Energy Physics - Lattice,1.5341358450840203e-06,87
CO,CO,1.1984153097555821e-05,336
Condensed Matter,CO,9.355506709721259e-07,68
Materials Science,SOFT,3.7398825389199506e-06,312
COMP-PH,General Relativity and Quantum Cosmology,3.896812407450706e-06,142
Materials Science,DIS-NN,4.997724887739242e-06,392
SOFT,ATOM-PH,5.2859626504451045e-06,120
ATOM-PH,Quantum Physics,6.903073223016001e-06,466
STAT-MECH,ATOM-PH,2.5819263490900654e-06,152
CHEM-PH,OTHER,4.142587874645291e-06,24
CHEM-PH,ATOM-PH,2.4741683450889764e-05,111
OTHER,ATOM-PH,1.3328198057023127e-05,136
Nuclear Theory,DIS-NN,2.5931079872112065e-07,35
Nuclear Theory,MES-HALL,5.87344989020441e-07,127
CHEM-PH,DIS-NN,1.6503790755698676e-06,20
CHEM-PH,MES-HALL,1.8543563776260777e-06,36
GEO-PH,General Relativity and Quantum Cosmology,5.59316526207922e-06,61
DATA-AN,Quantum Physics,2.2907894928875607e-06,62
ED-PH,Astrophysics,1.6939311398749306e-06,65
ED-PH,High Energy Physics - Theory,2.7139988058405256e-06,72
ED-PH,General Relativity and Quantum Cosmology,9.505191685228428e-06,113
ED-PH,High Energy Physics - Phenomenology,2.511742395699897e-06,74
PLASM-PH,High Energy Physics - Phenomenology,1.3282572549899598e-06,102
Chemical Physics,Quantum Physics,2.3990492910380945e-06,14
DATA-AN,OTHER,4.8887682992708405e-06,20
DATA-AN,DATA-AN,0.0003180779275175986,404
High Energy Physics - Theory,DATA-AN,1.0923691338700528e-06,71
ED-PH,STR-EL,2.8402313084377594e-07,2
CHEM-PH,STR-EL,1.2688502023283975e-06,31
DIS-NN,Materials Science,4.487752960418911e-06,352
SOFT,Materials Science,4.195381053275586e-06,350
ATOM-PH,Materials Science,5.5100915605027e-07,16
Condensed Matter,ATM-CLUS,5.868004533534429e-06,41
Nuclear Theory,ATM-CLUS,1.0941663910988349e-05,99
QUANT-GAS,OTHER,0.00020406081012141618,40
OTHER,SOC-PH,3.495469333978651e-05,143
OTHER,DATA-AN,9.288659768614597e-06,38
High Energy Physics - Theory,CO,1.3688167306342888e-06,418
SOC-PH,SOFT,6.592209853771601e-07,6
SOC-PH,DIS-NN,1.5425406415636875e-05,132
STAT-MECH,SOC-PH,3.008122651413536e-05,710
DIS-NN,SOC-PH,5.0249429990332246e-05,430
Atomic Physics,Quantum Physics,1.4895839152020502e-05,44
PLASM-PH,Nuclear Theory,2.7682084305177806e-06,59
Materials Science,ATOM-PH,5.5100915605027e-07,16
POP-PH,Nuclear Theory,2.4697591710390553e-06,9
BIO-PH,Quantum Physics,2.2718978087383356e-06,70
BIO-PH,MES-HALL,3.2038113565116696e-07,5
ATOM-PH,STR-EL,1.3943504822640012e-06,60
FLU-DYN,OTHER,3.697746223676669e-06,20
DIS-NN,ATOM-PH,6.559244052745131e-07,14
MES-HALL,ATOM-PH,1.696253420728989e-06,58
MES-HALL,Nuclear Theory,6.104688074858127e-07,132
High Energy Physics - Experiment,GEN-PH,2.389277305736225e-06,50
Astrophysics,GEN-PH,2.191731864972088e-06,345
General Relativity and Quantum Cosmology,GEN-PH,1.5686635404945265e-05,765
GEN-PH,GEN-PH,0.000310326224475668,1105
Quantum Physics,DATA-AN,2.512478798650873e-06,68
General Relativity and Quantum Cosmology,DATA-AN,1.6823348115448545e-06,49
ATOM-PH,MES-HALL,1.9009736611617979e-06,65
SOC-PH,High Energy Physics - Theory,3.5386605745086216e-07,23
SOC-PH,General Relativity and Quantum Cosmology,4.1200036201098477e-07,12
CHEM-PH,CHEM-PH,9.500568463765931e-05,242
CHEM-PH,COMP-PH,2.355178726959242e-05,53
ATOM-PH,CHEM-PH,2.3404295156247074e-05,105
ATOM-PH,COMP-PH,3.7845243231378247e-06,15
ED-PH,High Energy Physics - Lattice,2.0297974262168637e-07,1
HIST-PH,High Energy Physics - Lattice,9.244621941185716e-07,3
SUPR-CON,ATOM-PH,2.771706344287568e-06,86
DIS-NN,Optics,1.1776475430444897e-06,18
MES-HALL,Optics,2.0011327227999914e-06,49
ATOM-PH,SUPR-CON,2.932852061978706e-06,91
OTHER,HIST-PH,2.7275454818209095e-06,3
DIS-NN,HIST-PH,8.693085823793759e-07,2
STAT-MECH,BIO-PH,5.0242150417629505e-06,135
SOFT,BIO-PH,8.396461210086409e-06,87
Optics,STAT-MECH,9.962460736341128e-07,42
Optics,MES-HALL,1.5927382895755033e-06,39
Astrophysics,STR-EL,6.734730547471634e-08,86
BIO-PH,Astrophysics,1.7752812713600208e-07,19
BIO-PH,High Energy Physics - Phenomenology,1.3386505995493543e-07,11
ED-PH,High Energy Physics - Experiment,3.332418551770102e-06,17
ED-PH,DATA-AN,3.472088268199529e-05,18
ED-PH,Nuclear Experiment,2.785877458536857e-06,6
High Energy Physics - Experiment,DATA-AN,2.2242793694888077e-05,278
Astrophysics,DATA-AN,2.3720354423366375e-06,223
High Energy Physics - Phenomenology,DATA-AN,3.269559875262966e-06,236
Nuclear Experiment,DATA-AN,1.1749959348930963e-05,62
CHEM-PH,Condensed Matter,2.738689077176806e-06,60
QUANT-GAS,STAT-MECH,3.448513690599352e-05,39
CO,Quantum Physics,1.124572559210613e-06,143
Quantum Physics,Materials Science,5.965938922894069e-07,148
General Relativity and Quantum Cosmology,Materials Science,1.27355839557413e-07,34
BIO-PH,SOFT,9.554593790787982e-06,99
GEN-PH,SOFT,5.249546373573993e-07,8
SOC-PH,Condensed Matter,7.110385305962142e-07,11
SOC-PH,Quantum Physics,6.650679172899369e-07,18
Optics,Condensed Matter,1.0856800216528025e-06,30
FLU-DYN,Nuclear Theory,1.3214408689191067e-06,35
HIST-PH,Quantum Physics,9.894805845356553e-06,72
SUPR-CON,GEN-PH,9.122026111463669e-07,19
STAT-MECH,GEN-PH,2.5810081676003465e-06,102
Condensed Matter,Superconductivity,1.726482258710419e-05,41
STAT-MECH,CLASS-PH,5.3848699038569344e-06,128
CHEM-PH,CLASS-PH,8.280613427842734e-06,15
High Energy Physics - Theory,CLASS-PH,6.538571768158133e-06,428
Quantum Physics,CLASS-PH,4.439222549049281e-06,121
SOFT,CLASS-PH,1.745531983600727e-06,16
CLASS-PH,STAT-MECH,3.66002876277776e-06,87
CLASS-PH,Quantum Physics,4.072344652433639e-06,111
CLASS-PH,CLASS-PH,0.0002484038114459819,320
High Energy Physics - Phenomenology,CO,1.73975164278629e-07,59
Quantum Physics,GEN-PH,1.8271569140511346e-05,828
Astrophysics,CLASS-PH,1.615979310395088e-06,153
General Relativity and Quantum Cosmology,CLASS-PH,1.292062779932731e-05,379
ATOM-PH,GEN-PH,1.5270465392883625e-05,81
ATOM-PH,CLASS-PH,5.014911525990563e-06,16
High Energy Physics - Phenomenology,CLASS-PH,1.637013677111708e-06,119
SOFT,FLU-DYN,5.2354976714500835e-06,63
QUANT-GAS,SUPR-CON,9.730694637380631e-05,58
QUANT-GAS,STR-EL,4.9598854145496426e-05,41
QUANT-GAS,MES-HALL,1.3701633234681574e-05,9
ACC-PH,COMP-PH,0.0002307912602550496,274
COMP-PH,ACC-PH,0.00022910665251596167,272
General Relativity and Quantum Cosmology,STR-EL,3.03321405791991e-07,120
High Energy Physics - Lattice,Materials Science,1.2654303412232915e-07,14
ACC-PH,Astrophysics,7.118658179631538e-07,50
ED-PH,Quantum Physics,4.888249192081036e-06,54
POP-PH,Nuclear Experiment,4.167491482689282e-06,4
ATM-CLUS,STR-EL,2.1817886868352925e-06,17
ATM-CLUS,Condensed Matter,5.868004533534429e-06,41
CO,SUPR-CON,1.710974928913269e-08,1
CO,DIS-NN,6.466867811128161e-07,26
CO,STR-EL,2.714177605419275e-07,22
Optics,DIS-NN,9.159480890346031e-07,14
ATOM-PH,DIS-NN,9.838866079117696e-07,21
OTHER,Astrophysics,3.368478452338705e-07,102
Materials Science,General Relativity and Quantum Cosmology,1.0488127963551658e-07,28
HE,High Energy Physics - Theory,3.85320818113161e-06,2
HE,General Relativity and Quantum Cosmology,5.58909009613235e-05,13
ACC-PH,High Energy Physics - Theory,6.177946608702701e-07,30
ACC-PH,General Relativity and Quantum Cosmology,1.7003170126183742e-06,37
OTHER,General Relativity and Quantum Cosmology,1.6095726723127491e-06,151
OTHER,Optics,8.211090720235823e-06,60
Optics,OTHER,6.158318040176867e-06,45
STAT-MECH,Optics,9.962460736341128e-07,42
PLASM-PH,Nuclear Experiment,1.7813506129093053e-06,10
Superconductivity,High Energy Physics - Theory,1.7038752939686022e-06,17
MES-HALL,PLASM-PH,3.428265196334005e-07,5
Condensed Matter,PLASM-PH,9.721318359019587e-07,16
CO,Condensed Matter,2.889200601531565e-07,21
GEN-PH,Condensed Matter,8.49327423404275e-07,22
AO-PH,DIS-NN,9.318413931401564e-07,3
AO-PH,MES-HALL,1.9389103633983359e-07,1
High Energy Physics - Phenomenology,ATM-CLUS,1.1656469249942706e-06,38
Astrophysics,POP-PH,1.0876754095887358e-05,186
High Energy Physics - Phenomenology,POP-PH,1.5308879492841957e-05,201
DATA-AN,ED-PH,1.7360441340997646e-05,9
PLASM-PH,STAT-MECH,2.4292474705062475e-06,61
Astrophysics,HIST-PH,6.567584759626793e-06,166
HIST-PH,HIST-PH,0.0011436787243080744,105
CLASS-PH,HIST-PH,6.106337505997296e-05,21
POP-PH,CLASS-PH,2.5787042011389277e-05,6
POP-PH,GEN-PH,8.530768932490597e-05,33
CLASS-PH,GEN-PH,0.00010178616035055527,218
HIST-PH,CLASS-PH,4.943225600093049e-05,17
SPACE-PH,High Energy Physics - Experiment,2.181564327060124e-06,9
GEN-PH,High Energy Physics - Experiment,9.079253761797654e-07,19
INS-DET,High Energy Physics - Theory,3.517546847930408e-07,17
GEO-PH,High Energy Physics - Theory,8.217742566394429e-08,2
SOC-PH,High Energy Physics - Phenomenology,1.5239473994869756e-07,11
High Energy Physics - Lattice,CHEM-PH,6.435322667078527e-07,11
STAT-MECH,CHEM-PH,3.1712763262307516e-06,106
High Energy Physics - Theory,CHEM-PH,2.8247202831603907e-07,26
DIS-NN,CO,7.959221921388506e-07,32
Quantum Physics,COMP-PH,4.370790714432321e-06,148
High Energy Physics - Lattice,ATOM-PH,1.428295734278533e-06,43
AO-PH,STAT-MECH,3.0405980653688043e-06,27
SOC-PH,SOC-PH,0.0003881495501638023,493
General Relativity and Quantum Cosmology,DIS-NN,2.649904431196689e-07,52
Materials Science,Nuclear Experiment,1.2405649863765288e-07,6
Materials Science,High Energy Physics - Phenomenology,5.290161504247448e-08,35
Materials Science,Nuclear Theory,1.579296361388317e-07,29
STR-EL,ATOM-PH,1.092241211106801e-06,47
QUANT-GAS,ATOM-PH,1.9763627020830863e-05,3
Accelerator Physics,High Energy Physics - Theory,1.7693302872543109e-06,5
Accelerator Physics,Quantum Physics,4.249045027130153e-06,5
Atomic Physics,High Energy Physics - Theory,2.6784495893231925e-06,19
High Energy Physics - Theory,PLASM-PH,7.664638458714671e-07,53
High Energy Physics - Lattice,PLASM-PH,2.0247187003797904e-06,26
High Energy Physics - Phenomenology,PLASM-PH,1.1199031757758483e-06,86
Nuclear Theory,PLASM-PH,1.923670265275068e-06,41
High Energy Physics - Phenomenology,HIST-PH,1.2624804566737062e-05,245
High Energy Physics - Theory,HIST-PH,1.939956792183588e-05,339
BIO-PH,OTHER,2.791322850842443e-06,13
High Energy Physics - Theory,INS-DET,1.862230684198451e-07,9
Optics,PLASM-PH,4.971853096656553e-06,12
Optics,INS-DET,1.4820136890640432e-05,25
High Energy Physics - Experiment,PLASM-PH,8.272598671420653e-07,11
High Energy Physics - Experiment,INS-DET,3.163528604109144e-05,294
General Relativity and Quantum Cosmology,Optics,1.326311647253693e-06,69
General Relativity and Quantum Cosmology,PLASM-PH,7.422478025915163e-07,23
General Relativity and Quantum Cosmology,INS-DET,6.002602728543096e-07,13
PLASM-PH,Optics,4.143210913880461e-06,10
PLASM-PH,INS-DET,9.952605691696144e-07,1
Materials Theory,STR-EL,1.24666641400894e-06,5
Materials Theory,SUPR-CON,6.915734540912794e-07,2
General Relativity and Quantum Cosmology,SOFT,4.6474603325366147e-07,97
Astrophysics,MES-HALL,3.449307079147343e-08,35
SOFT,ATM-CLUS,4.622101820524273e-06,19
DIS-NN,ATM-CLUS,3.881146863373539e-06,15
Materials Science,ATM-CLUS,3.803749355739953e-06,20
DIS-NN,Astrophysics,5.2100365120306045e-08,33
DIS-NN,General Relativity and Quantum Cosmology,1.9364686227975803e-07,38
QUANT-GAS,SOFT,2.7516372241483682e-05,12
QUANT-GAS,Materials Science,1.792692983399663e-06,1
General Relativity and Quantum Cosmology,Nuclear Experiment,6.363551796766205e-07,77
CHEM-PH,Astrophysics,2.4035730074184476e-07,32
CHEM-PH,High Energy Physics - Experiment,2.2599329703880983e-07,4
CHEM-PH,High Energy Physics - Phenomenology,2.1522415027842374e-07,22
BIO-PH,BIO-PH,9.902259233856736e-05,163
HIST-PH,DATA-AN,3.514104737891713e-05,12
Optics,GEN-PH,3.922569014179429e-05,149
ATOM-PH,DATA-AN,9.469705937221531e-07,3
ATOM-PH,Optics,1.3961191069856676e-05,79
CHEM-PH,ATM-CLUS,5.539388746916407e-05,45
ATM-CLUS,CHEM-PH,5.66248627462566e-05,46
DIS-NN,BIO-PH,5.8510633383765396e-06,57
High Energy Physics - Theory,ED-PH,3.6186650744540337e-06,96
General Relativity and Quantum Cosmology,ED-PH,9.168724722919457e-06,109
Astrophysics,Galaxy Astrophysics,0.0008121748303723417,271
High Energy Physics - Phenomenology,Galaxy Astrophysics,0.002459131575249426,630
GEO-PH,Galaxy Astrophysics,0.00533175355450237,9
Nuclear Experiment,Galaxy Astrophysics,0.0031503630926954292,59
High Energy Physics - Experiment,Galaxy Astrophysics,0.004283137962128043,190
Nuclear Theory,Galaxy Astrophysics,0.0006328757875787578,45
High Energy Physics - Theory,Galaxy Astrophysics,9.970176168678041e-05,23
General Relativity and Quantum Cosmology,Galaxy Astrophysics,0.00013542795232936077,14
CO,High Energy Physics - Experiment,1.1920666263066967e-07,7
CO,Galaxy Astrophysics,4.721435316336166e-05,1
Quantum Physics,Galaxy Astrophysics,2.0820320632937746e-05,2
ACC-PH,Galaxy Astrophysics,0.0008907363420427554,3
ATOM-PH,Galaxy Astrophysics,0.00017787264318747776,2
INS-DET,Galaxy Astrophysics,0.0002983293556085919,1
Nuclear Experiment,ATOM-PH,3.0392591744976977e-06,40
DIS-NN,CLASS-PH,2.0886383296463067e-06,18
High Energy Physics - Phenomenology,Materials Science,9.824585650745261e-08,65
FLU-DYN,Nuclear Experiment,1.4334492515961458e-06,10
MES-HALL,GEN-PH,1.6119568511390087e-06,37
MES-HALL,CLASS-PH,1.1589046612594107e-06,16
OTHER,Condensed Matter,6.823334439114885e-07,34
Optics,High Energy Physics - Lattice,9.276769161050742e-08,2
PLASM-PH,High Energy Physics - Lattice,4.672427770107209e-07,6
Nuclear Theory,GEN-PH,1.639671121325169e-06,55
Condensed Matter,GEN-PH,3.4359154855900213e-06,89
High Energy Physics - Lattice,GEN-PH,1.0391013851221464e-06,21
GEN-PH,CLASS-PH,6.0698169016386174e-05,130
Accelerator Physics,Astrophysics,4.892987907958983e-07,2
Atomic Physics,Astrophysics,4.873097713211182e-07,5
Materials Science,Astrophysics,3.59750659834932e-08,31
FLU-DYN,SOFT,7.894798075996157e-06,95
High Energy Physics - Phenomenology,GEO-PH,9.175726031172161e-06,248
QUANT-GAS,Condensed Matter,5.396231811326151e-06,4
Nuclear Experiment,GEN-PH,1.697805552367454e-06,15
Quantum Physics,BIO-PH,2.466631906630193e-06,76
OTHER,BIO-PH,1.5030199966074691e-06,7
ATM-CLUS,DIS-NN,1.0349724968996104e-06,4
GEN-PH,HIST-PH,3.6728633117683786e-05,21
General Relativity and Quantum Cosmology,HIST-PH,1.902759537677959e-05,149
POP-PH,STAT-MECH,1.3975214956275046e-06,6
POP-PH,DIS-NN,2.569760980106838e-06,4
Condensed Matter,GEO-PH,2.762052301531869e-06,16
GEO-PH,STAT-MECH,5.996868503156729e-06,53
High Energy Physics - Theory,ATM-CLUS,1.1582335004187356e-06,34
ATM-CLUS,ATM-CLUS,0.0003010641459620736,78
ATM-CLUS,Quantum Physics,2.9451141170363807e-06,36
ATM-CLUS,ATOM-PH,2.8655317763012134e-05,41
ACC-PH,Quantum Physics,1.018761532157999e-05,206
DATA-AN,ACC-PH,3.1614422077826278e-06,3
DATA-AN,COMP-PH,2.454265702580755e-05,39
Quantum Physics,ACC-PH,4.401445454469025e-06,89
QUANT-GAS,Quantum Physics,3.855614932025509e-06,5
HIST-PH,PLASM-PH,2.752568834865138e-06,1
SOC-PH,PLASM-PH,1.4800858153755754e-06,2
Chemical Physics,SOFT,5.095624489163645e-07,1
ATM-CLUS,MES-HALL,2.422685640709905e-06,15
GEN-PH,OTHER,1.8978628604297053e-06,13
BIO-PH,Materials Science,9.80881117963027e-07,13
SOC-PH,DATA-AN,8.503073309876399e-05,108
DATA-AN,SOC-PH,8.503073309876399e-05,108
STR-EL,CO,1.6038322213841172e-07,13
Materials Science,CO,3.656484272089964e-08,2
STAT-MECH,High Energy Physics - Experiment,5.5972269098997594e-08,13
CHEM-PH,Nuclear Theory,1.515659084705463e-06,43
CHEM-PH,SOFT,5.818781723997959e-06,75
Quantum Physics,CHEM-PH,2.504700226518827e-06,96
SOFT,CHEM-PH,7.137705581437497e-06,92
Condensed Matter,Materials Theory,1.1122004496626419e-06,4
Condensed Matter,Chemical Physics,3.89727853040222e-06,13
Nuclear Theory,FLU-DYN,1.0571526951352854e-06,28
Nuclear Experiment,FLU-DYN,1.1467594012769166e-06,8
High Energy Physics - Experiment,FLU-DYN,4.2362367693248044e-07,7
QUANT-GAS,High Energy Physics - Phenomenology,2.3131161201640694e-06,8
QUANT-GAS,Nuclear Theory,1.145947928126146e-05,11
GEN-PH,SUPR-CON,7.201599561681844e-07,15
GEN-PH,Nuclear Theory,9.838026727951015e-07,33
HE,Astrophysics,1.1987820374499509e-05,9
Optics,MED-PH,1.3722955485476996e-05,5
MED-PH,Optics,1.0978364388381597e-05,4
Nuclear Theory,CLASS-PH,5.452087058926157e-07,11
Astrophysics,DIS-NN,5.999435983550392e-08,38
Optics,SOFT,1.291752199115851e-06,21
Astrophysics,ED-PH,2.6842293447248897e-06,103
GEN-PH,ED-PH,1.9584802193497844e-05,17
DATA-AN,BIO-PH,2.282250797231699e-05,33
CO,BIO-PH,2.9439970795548973e-07,2
High Energy Physics - Phenomenology,SOC-PH,3.740598162377122e-07,27
Nuclear Theory,SOC-PH,3.4941382336991464e-07,7
High Energy Physics - Theory,SOC-PH,1.5231625951145805e-06,99
COMP-PH,CHEM-PH,1.5553067064825185e-05,35
BIO-PH,High Energy Physics - Theory,1.621771175222969e-07,12
BIO-PH,General Relativity and Quantum Cosmology,1.809526141801948e-07,6
FLU-DYN,DIS-NN,6.187260077941799e-07,7
Materials Theory,High Energy Physics - Theory,1.9854316963846084e-07,3
HIST-PH,SOC-PH,5.271157106837569e-05,18
DATA-AN,Materials Science,9.448621403188996e-07,11
COMP-PH,Materials Science,3.364160024167027e-06,49
COMP-PH,ED-PH,1.2334258402713537e-05,8
STAT-MECH,ED-PH,1.3494184006693114e-06,13
Condensed Matter,ED-PH,9.502060363422135e-07,6
Superconductivity,SUPR-CON,1.3615602223323107e-05,26
Superconductivity,High Energy Physics - Lattice,2.698574612889472e-06,5
Superconductivity,High Energy Physics - Phenomenology,1.173271326846226e-06,13
High Energy Physics - Experiment,SPACE-PH,2.423960363400138e-06,10
Nuclear Theory,SPACE-PH,1.5122479989934478e-06,10
Superconductivity,Superconductivity,0.0003341240936883959,10
Superconductivity,General Relativity and Quantum Cosmology,1.565641067391454e-06,7
SUPR-CON,Superconductivity,1.5710310257680508e-06,3
General Relativity and Quantum Cosmology,Superconductivity,8.946520385094023e-07,4
High Energy Physics - Phenomenology,Superconductivity,1.8050328105326553e-07,2
Astrophysics,Superconductivity,6.929375939017057e-08,1
High Energy Physics - Theory,Superconductivity,8.018236677499304e-07,8
DIS-NN,GEN-PH,2.024010204919866e-06,29
DATA-AN,GEN-PH,1.4106700259422217e-05,30
BIO-PH,Condensed Matter,1.646628802910513e-06,29
ACC-PH,Nuclear Experiment,6.595228504374666e-06,26
ACC-PH,High Energy Physics - Lattice,3.326746375509824e-07,3
ACC-PH,Nuclear Theory,1.8707333916289491e-06,28
Optics,CLASS-PH,1.750734761495215e-05,40
Materials Science,CLASS-PH,5.032176074987952e-06,59
HIST-PH,High Energy Physics - Experiment,4.1663318721412265e-06,14
Nuclear Theory,DATA-AN,2.146399200700904e-06,43
GEN-PH,Optics,2.6852485868879312e-05,102
HIST-PH,STAT-MECH,4.2548302960936405e-06,27
PLASM-PH,High Energy Physics - Experiment,7.520544246746048e-07,10
Condensed Matter,Optics,2.2437387114157917e-06,62
SOC-PH,BIO-PH,1.0373867260144086e-05,15
CLASS-PH,POP-PH,3.438272268185237e-05,8
Optics,POP-PH,7.269819344989277e-06,3
GEN-PH,POP-PH,2.8435896441635324e-05,11
Quantum Physics,POP-PH,7.109377777100694e-06,35
ATOM-PH,QUANT-GAS,3.9527254041661726e-05,6
STAT-MECH,QUANT-GAS,2.4758559829944063e-05,28
Quantum Physics,QUANT-GAS,4.62673791843061e-06,6
General Relativity and Quantum Cosmology,CHEM-PH,1.9395338679464487e-07,8
High Energy Physics - Phenomenology,CHEM-PH,2.2500706620017027e-07,23
Materials Science,Optics,2.2602358628258044e-06,47
DIS-NN,POP-PH,4.497081715186966e-06,7
DIS-NN,ED-PH,5.726097836107628e-07,2
BIO-PH,POP-PH,3.802064521034922e-06,1
BIO-PH,ED-PH,3.3887966383137346e-06,2
Quantum Physics,ED-PH,4.707202925707665e-06,52
General Relativity and Quantum Cosmology,POP-PH,3.095496053242532e-05,164
POP-PH,POP-PH,0.0006900654372397382,29
POP-PH,ED-PH,0.00019088016967126192,18
High Energy Physics - Theory,POP-PH,2.216064607587399e-05,262
MES-HALL,BIO-PH,1.281524542604668e-07,2
Plasma Physics,High Energy Physics - Phenomenology,4.33709272530763e-07,1
INS-DET,INS-DET,0.00021644898354418124,152
MES-HALL,Astrophysics,4.2377201258095926e-08,43
DATA-AN,GEO-PH,1.6821070072372655e-05,8
SOC-PH,POP-PH,6.0596879260718074e-05,14
OTHER,POP-PH,1.3438150910434724e-06,1
POP-PH,COMP-PH,3.459609064175748e-06,1
High Energy Physics - Experiment,SUPR-CON,1.0619924186811982e-07,13
High Energy Physics - Experiment,MES-HALL,4.447779949941719e-08,6
CHEM-PH,Optics,2.1788201253257336e-06,7
High Energy Physics - Experiment,COMP-PH,2.6859543771463654e-06,42
ACC-PH,ED-PH,1.290922234844573e-05,5
ACC-PH,CLASS-PH,3.139158914688125e-05,30
ED-PH,ED-PH,0.00025047258979206047,53
ED-PH,CLASS-PH,4.788354721317755e-05,25
CLASS-PH,ED-PH,3.830683777054204e-05,20
COMP-PH,GEN-PH,4.510142182232295e-06,12
GEN-PH,COMP-PH,3.7584518185269125e-06,10
CLASS-PH,COMP-PH,2.4994532446027433e-06,4
Optics,ATOM-PH,1.7495669821719125e-05,99
High Energy Physics - Experiment,STR-EL,7.068564843361781e-08,12
AO-PH,COMP-PH,1.8399571791783756e-05,11
FLU-DYN,COMP-PH,1.4279594459517349e-05,30
COMP-PH,FLU-DYN,1.9039459279356468e-05,40
GEN-PH,MES-HALL,7.841952248784367e-07,18
Materials Theory,Materials Science,1.4779453603600274e-06,4
General Relativity and Quantum Cosmology,ACC-PH,8.731357632364625e-07,19
CLASS-PH,ACC-PH,2.6159657622401038e-05,25
PLASM-PH,Quantum Physics,1.1113432197731575e-06,32
Optics,SPACE-PH,1.0683247066113274e-05,8
GEO-PH,Condensed Matter,8.631413442287089e-07,5
STAT-MECH,ATM-CLUS,3.5647323022063724e-06,38
SOFT,CO,1.4031011341266466e-07,6
SOC-PH,CO,3.3515068793868084e-07,2
DATA-AN,CO,8.378767198467021e-07,5
SOFT,SOC-PH,3.1862347626562737e-06,29
FLU-DYN,DATA-AN,7.741643491362112e-06,13
High Energy Physics - Lattice,SOC-PH,4.970932472367829e-07,6
SOC-PH,High Energy Physics - Lattice,1.6569774907892764e-07,2
OTHER,GEO-PH,3.2640058490984815e-06,5
GEO-PH,OTHER,3.2640058490984815e-06,5
SOC-PH,OTHER,7.5775908638698025e-06,31
SOC-PH,GEO-PH,6.307901277139745e-06,3
SOFT,GEO-PH,1.4671051550554096e-06,5
Astrophysics,SOC-PH,5.850311629081393e-07,55
General Relativity and Quantum Cosmology,SOC-PH,5.836671795155617e-07,17
Quantum Physics,SOC-PH,1.588773357970405e-06,43
High Energy Physics - Lattice,POP-PH,4.099200655872105e-06,9
High Energy Physics - Lattice,SPACE-PH,1.003985823720169e-06,4
COMP-PH,POP-PH,1.0378827192527245e-05,3
COMP-PH,SPACE-PH,3.813009990086174e-06,2
STAT-MECH,POP-PH,1.863361994170006e-06,8
STR-EL,CHEM-PH,2.8651456181608974e-07,7
Nuclear Theory,CHEM-PH,1.5861548560871126e-06,45
MES-HALL,CHEM-PH,7.211385912990302e-07,14
Superconductivity,MES-HALL,2.3760057632395795e-06,5
ED-PH,Condensed Matter,9.502060363422135e-07,6
PLASM-PH,General Relativity and Quantum Cosmology,8.067910897733873e-07,25
Atomic Physics,ATOM-PH,4.3383571509140916e-05,15
HIST-PH,Optics,3.279016426232787e-06,2
CHEM-PH,SUPR-CON,6.244093655047203e-07,11
COMP-PH,SUPR-CON,4.497679839728392e-07,7
SPACE-PH,CLASS-PH,1.1842167590355738e-05,5
SPACE-PH,GEN-PH,4.701095782689711e-05,33
High Energy Physics - Phenomenology,ED-PH,2.9529944381877168e-06,87
High Energy Physics - Experiment,ED-PH,6.272787862155487e-06,32
Nuclear Theory,ED-PH,1.7121277345125817e-06,14
COMP-PH,PLASM-PH,3.312453048935579e-05,56
Optics,Materials Science,1.5869741164521607e-06,33
Quantum Physics,CO,1.0537952652742808e-06,134
CHEM-PH,Materials Science,2.972096261952073e-06,49
GEN-PH,CHEM-PH,3.320436756969265e-06,10
SUPR-CON,CHEM-PH,5.108803899584076e-07,9
PLASM-PH,STR-EL,8.172475407931834e-07,15
Materials Science,INS-DET,1.1551959558899976e-06,10
MES-HALL,INS-DET,3.9240954371403076e-07,4
AO-PH,Optics,1.405955628040379e-05,12
AO-PH,DATA-AN,3.3483450804439904e-05,16
Optics,AO-PH,9.373037520269194e-06,8
Optics,FLU-DYN,6.668066960728419e-07,2
Optics,DATA-AN,6.6118587654072835e-06,15
FLU-DYN,Optics,1.667016740182105e-06,5
SOFT,Nuclear Experiment,2.909142302335417e-07,11
ATM-CLUS,Nuclear Experiment,2.9373036727205896e-06,7
PLASM-PH,ATOM-PH,4.747226507088648e-06,16
PLASM-PH,Condensed Matter,4.25307678207107e-07,7
COMP-PH,DATA-AN,2.265476033151466e-05,36
BIO-PH,CHEM-PH,1.611589378746945e-05,33
BIO-PH,COMP-PH,1.49251256198073e-05,27
CHEM-PH,BIO-PH,1.9046056294282082e-05,39
COMP-PH,BIO-PH,1.1055648607264667e-05,20
Condensed Matter,SOC-PH,4.6540703820843115e-06,72
DATA-AN,FLU-DYN,8.337154529159198e-06,14
SOC-PH,ATOM-PH,3.15656864574051e-07,1
HIST-PH,OTHER,4.545909136368182e-06,5
HIST-PH,ATOM-PH,5.870384263613127e-06,5
Condensed Matter,CLASS-PH,2.4390016909341984e-06,38
DATA-AN,CLASS-PH,6.254177595190537e-06,8
ATM-CLUS,CLASS-PH,3.461914611876098e-06,2
SOFT,Optics,1.291752199115851e-06,21
High Energy Physics - Experiment,POP-PH,1.4075523983373287e-05,32
Materials Science,High Energy Physics - Experiment,4.3645365691425516e-08,5
CLASS-PH,ATOM-PH,3.447751674118512e-06,11
Materials Science,CHEM-PH,2.2442359529025856e-06,37
Nuclear Experiment,STAT-MECH,6.119006975729142e-07,60
DATA-AN,SOFT,1.3184419707543203e-06,12
AO-PH,GEN-PH,6.249312575616682e-06,5
ED-PH,COMP-PH,3.0835646006783844e-06,2
INS-DET,General Relativity and Quantum Cosmology,5.540864057116705e-07,12
PLASM-PH,SOFT,7.229071940006138e-07,7
POP-PH,Condensed Matter,1.4214464283493275e-06,4
SPACE-PH,Condensed Matter,1.370816952070756e-06,7
INS-DET,Quantum Physics,4.4721452433517834e-07,9
Quantum Physics,Atomic Physics,2.031250793457341e-06,6
High Energy Physics - Theory,Atomic Physics,9.867972171190708e-07,7
POP-PH,SOC-PH,5.194018222347263e-05,12
Quantum Physics,HIST-PH,5.771970076457989e-06,42
GEO-PH,Materials Science,9.175869298917706e-07,4
CLASS-PH,DIS-NN,6.962127765487688e-07,6
CLASS-PH,FLU-DYN,1.0643644857049936e-05,18
CLASS-PH,Materials Science,2.388151357621401e-06,28
CLASS-PH,Optics,1.7945031305325955e-05,41
CLASS-PH,MES-HALL,7.243154132871317e-07,10
Condensed Matter,BIO-PH,3.2364773022723875e-06,57
High Energy Physics - Theory,BIO-PH,3.243542350445938e-07,24
General Relativity and Quantum Cosmology,BIO-PH,8.746043018709415e-07,29
High Energy Physics - Phenomenology,BIO-PH,2.1905191628989433e-07,18
HIST-PH,Nuclear Theory,1.856621305694926e-06,10
SOC-PH,High Energy Physics - Experiment,3.200401970487493e-07,4
Galaxy Astrophysics,Astrophysics,5.3945191685247786e-05,18
Galaxy Astrophysics,General Relativity and Quantum Cosmology,1.9346850332765827e-05,2
Galaxy Astrophysics,High Energy Physics - Phenomenology,0.00021858947335550455,56
FLU-DYN,MES-HALL,1.2690103264335956e-06,23
OTHER,FLU-DYN,2.588422356573668e-06,14
Atomic Physics,General Relativity and Quantum Cosmology,2.8312463901608524e-06,9
SOFT,PLASM-PH,1.7556317568586337e-06,17
CO,SPACE-PH,1.0153624336206808e-06,2
Nuclear Experiment,PLASM-PH,7.125402451637222e-07,4
Nuclear Experiment,Materials Science,8.270433242510192e-08,4
PLASM-PH,Materials Science,2.4221539892472513e-07,3
Materials Science,PLASM-PH,5.651692641576919e-07,7
CLASS-PH,DATA-AN,4.690633196392903e-06,6
AO-PH,CLASS-PH,2.0779652564209127e-06,1
Optics,SUPR-CON,4.0504972795510107e-07,9
Optics,STR-EL,9.73551715261825e-08,3
PLASM-PH,COMP-PH,1.183018946048421e-06,2
SOC-PH,COMP-PH,2.013756473912414e-05,32
ATOM-PH,ATM-CLUS,2.0268395490911023e-05,29
SUPR-CON,Optics,3.600442026267565e-07,8
STR-EL,Optics,1.6225861921030416e-07,5
ED-PH,GEN-PH,2.8801179696320362e-05,25
FLU-DYN,CLASS-PH,1.951334890459155e-05,33
CLASS-PH,SOFT,6.545744938502726e-07,6
Astrophysics,Materials Science,3.7135551982960727e-08,32
CLASS-PH,AO-PH,1.0389826282104563e-05,5
Nuclear Theory,INS-DET,6.713081809374255e-07,10
COMP-PH,CO,4.0182428224137586e-07,3
CO,COMP-PH,4.0182428224137586e-07,3
High Energy Physics - Experiment,HIST-PH,1.6367732354840533e-05,55
High Energy Physics - Lattice,HIST-PH,2.1570784529433336e-06,7
General Relativity and Quantum Cosmology,Atomic Physics,6.291658644801894e-07,2
BIO-PH,SOC-PH,9.682276109467814e-06,14
Chemical Physics,CHEM-PH,3.609847664428561e-05,14
Chemical Physics,DIS-NN,1.6259290151910547e-06,3
Astrophysics,BIO-PH,3.270254973557933e-07,35
High Energy Physics - Theory,HE,1.3486228633960635e-05,7
General Relativity and Quantum Cosmology,HE,5.58909009613235e-05,13
Astrophysics,HE,1.4651780457721622e-05,11
High Energy Physics - Phenomenology,HE,3.469674180246104e-06,2
CLASS-PH,OTHER,5.339741022560406e-06,22
ED-PH,HIST-PH,0.00010761945759793371,15
High Energy Physics - Experiment,CLASS-PH,3.9723050889200495e-07,5
COMP-PH,CLASS-PH,4.998906489205487e-06,8
MED-PH,High Energy Physics - Phenomenology,8.626261774092523e-08,1
COMP-PH,ATOM-PH,5.550635673935477e-06,22
MES-HALL,POP-PH,2.8071638822274445e-06,7
FLU-DYN,POP-PH,9.821574725814372e-06,3
Condensed Matter,POP-PH,3.5536160708733187e-06,10
POP-PH,High Energy Physics - Experiment,8.797202489608304e-07,2
BIO-PH,Optics,1.935974234506108e-06,5
CHEM-PH,ED-PH,4.0863027133050015e-06,3
COMP-PH,Optics,7.046397001053436e-06,20
MES-HALL,ED-PH,1.6084525971147935e-06,9
PLASM-PH,HIST-PH,8.257706504595413e-06,3
SOC-PH,HIST-PH,1.7570523689458565e-05,6
Accelerator Physics,Condensed Matter,1.486716927610266e-06,1
STR-EL,PLASM-PH,3.813821857034856e-07,7
FLU-DYN,STR-EL,4.38424967074285e-08,1
GEN-PH,DIS-NN,4.885541873944504e-07,7
HIST-PH,SUPR-CON,1.4949855195702575e-06,5
ACC-PH,PLASM-PH,5.745088444646073e-05,58
Quantum Physics,PLASM-PH,1.1113432197731575e-06,32
INS-DET,GEN-PH,1.8971660134091693e-06,3
OTHER,CO,3.6418784809204586e-07,7
ATM-CLUS,GEN-PH,8.329142733395594e-06,8
PLASM-PH,SUPR-CON,1.2089557629485586e-06,16
COMP-PH,GEO-PH,1.6806157776209203e-05,10
INS-DET,Optics,4.1496383293793205e-06,7
ED-PH,STAT-MECH,6.228084926166053e-07,6
Optics,ED-PH,3.239810795049569e-06,3
COMP-PH,MES-HALL,4.6643857820192595e-07,8
High Energy Physics - Experiment,GEO-PH,2.7350544233095012e-05,128
Nuclear Experiment,GEO-PH,3.2391876927063614e-05,64
Nuclear Theory,GEO-PH,2.3995290524313096e-06,18
ACC-PH,Condensed Matter,6.921532489586987e-07,8
CLASS-PH,Condensed Matter,5.134740401966734e-07,8
ED-PH,ACC-PH,5.163688939378292e-06,2
ATM-CLUS,General Relativity and Quantum Cosmology,1.2163049325118004e-06,16
SOFT,GEN-PH,8.530512857057739e-07,13
Atomic Physics,STAT-MECH,2.7174029081645925e-06,7
Superconductivity,STR-EL,4.153633069565046e-06,11
GEO-PH,SOFT,1.7605261860664915e-06,6
OTHER,ATM-CLUS,7.577110631227438e-06,14
CLASS-PH,Nuclear Theory,2.9738656685051767e-07,6
Nuclear Theory,HIST-PH,1.6709591751254333e-06,9
Accelerator Physics,COMP-PH,2.8947749312490954e-05,2
Accelerator Physics,General Relativity and Quantum Cosmology,7.896673605210541e-07,1
BIO-PH,GEN-PH,7.021830872181613e-06,17
SOC-PH,GEN-PH,9.874690181595553e-06,21
HIST-PH,GEN-PH,0.00010668793429422433,61
PLASM-PH,GEN-PH,3.9778776961723535e-06,9
Chemical Physics,General Relativity and Quantum Cosmology,4.777000082164401e-07,3
Chemical Physics,CLASS-PH,7.251500154094378e-06,2
QUANT-GAS,QUANT-GAS,0.010973936899862825,32
DIS-NN,GEO-PH,6.553803921421763e-06,21
High Energy Physics - Lattice,ED-PH,1.2178784557301182e-06,6
CO,MES-HALL,2.4841488017552996e-07,16
ATM-CLUS,Astrophysics,4.945859093604906e-07,21
COMP-PH,SOC-PH,2.013756473912414e-05,32
ATM-CLUS,High Energy Physics - Lattice,2.2012734366831213e-06,12
Materials Science,GEO-PH,2.752760789675312e-06,12
GEN-PH,GEO-PH,6.278930170761785e-06,5
SPACE-PH,Nuclear Theory,7.561239994967239e-07,5
Plasma Physics,High Energy Physics - Theory,9.633020452829025e-07,2
SPACE-PH,ED-PH,1.168770453482936e-05,2
PLASM-PH,DATA-AN,1.4800858153755754e-06,2
High Energy Physics - Lattice,ACC-PH,6.653492751019648e-07,6
DATA-AN,AO-PH,1.2556294051664965e-05,6
DATA-AN,Optics,7.93423051848874e-06,18
COMP-PH,AO-PH,2.3417636825906596e-05,14
DIS-NN,FLU-DYN,1.149062585903477e-06,13
GEO-PH,Nuclear Theory,6.66535847897586e-07,5
ATM-CLUS,Materials Science,3.0429994845919623e-06,16
General Relativity and Quantum Cosmology,CO,2.1922776581037763e-07,30
Condensed Matter,Atomic Physics,1.125311755776551e-05,19
SPACE-PH,Nuclear Experiment,1.1483007445582028e-06,2
Nuclear Experiment,HIST-PH,6.3440773808265064e-06,9
BIO-PH,High Energy Physics - Lattice,2.183258338409409e-07,3
DIS-NN,AO-PH,6.212275954267709e-07,2
Materials Science,GEN-PH,9.234221408926722e-07,18
GEO-PH,GEN-PH,1.5069432409828283e-05,12
Condensed Matter,HIST-PH,1.442557018869367e-06,6
SPACE-PH,HIST-PH,6.210298449199759e-05,7
GEO-PH,HIST-PH,7.820687281998341e-06,1
STAT-MECH,HIST-PH,1.2606904581018193e-06,8
POP-PH,High Energy Physics - Lattice,4.5546673954134497e-07,1
Materials Theory,STAT-MECH,1.093480559555872e-06,6
POP-PH,MES-HALL,4.0102341174677777e-07,1
ED-PH,Nuclear Theory,9.78358705435761e-07,8
ED-PH,MES-HALL,1.7871695523497704e-07,1
OTHER,GEN-PH,1.8978628604297053e-06,13
GEN-PH,STR-EL,2.7694889282064e-07,8
GEN-PH,High Energy Physics - Lattice,1.979240733565993e-07,4
CLASS-PH,High Energy Physics - Lattice,1.645298354290321e-07,2
CLASS-PH,CO,1.6639419617043758e-07,1
GEN-PH,DATA-AN,3.7617867358459246e-06,8
GEN-PH,Materials Science,4.617110704463361e-07,9
BIO-PH,STR-EL,1.5274821534076802e-07,3
ED-PH,PLASM-PH,1.81310512383508e-06,1
CHEM-PH,PLASM-PH,2.0902966339953303e-06,4
Materials Theory,Quantum Physics,3.1786749057920227e-07,2
BIO-PH,SUPR-CON,7.061272212467467e-08,1
ACC-PH,GEN-PH,3.021045357219732e-05,48
DATA-AN,MES-HALL,5.835655681142108e-07,8
Chemical Physics,Nuclear Theory,9.260185277787038e-07,4
OTHER,CLASS-PH,5.097025521534933e-06,21
OTHER,COMP-PH,6.252075884571049e-06,32
PLASM-PH,MES-HALL,4.113918235600806e-07,6
COMP-PH,OTHER,4.102924799249751e-06,21
CHEM-PH,Nuclear Experiment,2.676490457240924e-07,2
Nuclear Experiment,MES-HALL,5.26760782196216e-08,3
SUPR-CON,BIO-PH,1.4122544424934934e-07,2
SUPR-CON,DATA-AN,8.038697647378669e-07,10
STR-EL,BIO-PH,1.0183214356051202e-07,2
OTHER,CHEM-PH,2.761725249763527e-06,16
SOC-PH,Astrophysics,1.7019088375509506e-07,16
SUPR-CON,FLU-DYN,4.864221341527925e-07,8
ACC-PH,DATA-AN,2.1076281385217517e-06,2
Nuclear Theory,POP-PH,1.3720884283550306e-06,5
Nuclear Experiment,POP-PH,8.334982965378564e-06,8
INS-DET,POP-PH,5.8210605972408176e-06,1
HIST-PH,Condensed Matter,2.404261698115612e-07,1
FLU-DYN,SUPR-CON,5.472249009218915e-07,9
DIS-NN,CHEM-PH,4.951137226709603e-07,6
ATOM-PH,ACC-PH,2.112501700563869e-06,5
STR-EL,ATM-CLUS,1.4117456208934246e-06,11
GEO-PH,DIS-NN,1.8725154061205038e-06,6
PLASM-PH,SOC-PH,5.180300353814514e-06,7
ATOM-PH,CO,1.3437026869686705e-07,2
Nuclear Theory,CO,2.1248583781890935e-08,2
CHEM-PH,CO,1.1833171218887635e-07,1
ACC-PH,ATOM-PH,2.5350020406766426e-06,6
INS-DET,ACC-PH,2.9762073481142182e-05,21
High Energy Physics - Lattice,BIO-PH,4.366516676818818e-07,6
Nuclear Experiment,ED-PH,4.643129097561428e-06,10
FLU-DYN,Materials Science,9.095811378860035e-07,14
POP-PH,Optics,4.846546229992851e-06,2
CO,SOFT,9.354007560844311e-08,4
Astrophysics,CHEM-PH,5.257815953727855e-08,7
Optics,CHEM-PH,2.801340161133086e-06,9
CHEM-PH,GEN-PH,3.320436756969265e-06,10
DATA-AN,HIST-PH,2.9284206149097606e-06,1
GEO-PH,Quantum Physics,1.0854195590631054e-06,11
CO,OTHER,5.722951898589292e-07,11
SUPR-CON,High Energy Physics - Experiment,5.718420715975683e-08,7
OTHER,High Energy Physics - Experiment,1.24202927711412e-07,5
SOFT,High Energy Physics - Experiment,6.699206947881509e-08,6
Materials Science,DATA-AN,3.435862328432362e-07,4
GEO-PH,DATA-AN,4.2052675180931635e-05,20
HIST-PH,STR-EL,2.155951158220081e-07,1
CHEM-PH,Atomic Physics,5.0940359027650425e-06,1
CHEM-PH,Chemical Physics,1.2892313087244862e-05,5
Chemical Physics,Atomic Physics,3.3457124694703736e-05,1
Chemical Physics,Chemical Physics,0.00011854561465901201,7
High Energy Physics - Theory,AO-PH,4.907387777856296e-07,12
High Energy Physics - Phenomenology,AO-PH,1.7675698654083926e-06,48
Condensed Matter,AO-PH,6.872559382349343e-07,4
MES-HALL,CO,1.8631116013164745e-07,12
High Energy Physics - Lattice,ATM-CLUS,1.2840761713984873e-06,7
Nuclear Experiment,ATM-CLUS,1.6784592415546225e-06,4
High Energy Physics - Experiment,ATM-CLUS,3.5430776235161146e-07,2
High Energy Physics - Theory,Plasma Physics,4.816510226414513e-07,1
CHEM-PH,General Relativity and Quantum Cosmology,7.273252004799183e-08,3
IM,Astrophysics,1.0275274606713864e-05,6
Astrophysics,ATM-CLUS,4.23930779451849e-07,18
General Relativity and Quantum Cosmology,ATM-CLUS,7.601905828198752e-07,10
CLASS-PH,PLASM-PH,8.817920954686908e-06,12
CLASS-PH,ATM-CLUS,6.923829223752196e-06,4
Quantum Physics,GEO-PH,3.9469802147749283e-07,4
Quantum Physics,ATM-CLUS,1.227130882098492e-06,15
BIO-PH,ATM-CLUS,1.5312833532655384e-06,1
SOFT,AO-PH,5.84073939088097e-07,2
BIO-PH,CO,1.4719985397774487e-07,1
Condensed Matter,ACC-PH,3.4607662447934936e-07,4
High Energy Physics - Theory,Chemical Physics,2.854228282319711e-07,4
AO-PH,INS-DET,2.532985094789931e-05,9
GEO-PH,INS-DET,1.6966598423237453e-05,6
MED-PH,SOC-PH,2.4511365920377277e-05,5
Atomic Physics,GEN-PH,4.308469157823534e-06,1
QUANT-GAS,High Energy Physics - Theory,9.633020452829025e-07,3
Materials Science,FLU-DYN,5.197606502205734e-07,8
Superconductivity,STAT-MECH,8.280112907619608e-07,3
ATM-CLUS,SUPR-CON,8.899422641056739e-07,5
MES-HALL,ATM-CLUS,1.130586632331289e-06,7
High Energy Physics - Theory,GEO-PH,2.465322769918329e-07,6
SPACE-PH,STAT-MECH,3.850697669403743e-07,3
SUPR-CON,SOC-PH,3.215479058951468e-07,4
STR-EL,SOC-PH,4.6371123403065454e-07,8
DATA-AN,POP-PH,1.2985045555868158e-05,3
SPACE-PH,Quantum Physics,4.4774883081586554e-07,4
High Energy Physics - Experiment,Materials Science,7.856165824456593e-08,9
INS-DET,Materials Science,8.086371691229983e-07,7
Atomic Physics,Atomic Physics,0.0005287857756626346,8
GEN-PH,PLASM-PH,5.303836928229804e-06,12
FLU-DYN,CHEM-PH,1.261543119543826e-06,3
STR-EL,GEN-PH,3.8080472762838e-07,11
SOC-PH,STR-EL,1.1592780850766363e-07,2
ATOM-PH,HIST-PH,1.1740768527226255e-05,10
Chemical Physics,Materials Science,3.983762185332584e-07,1
SUPR-CON,ATM-CLUS,1.0679307169268086e-06,6
Materials Science,BIO-PH,5.281667558262453e-07,7
Quantum Physics,INS-DET,2.9814301622345224e-07,6
HIST-PH,FLU-DYN,8.859946397324296e-06,4
CLASS-PH,SUPR-CON,2.394611167029716e-07,3
BIO-PH,MED-PH,4.736826240294889e-05,11
MED-PH,DATA-AN,4.902273184075456e-06,1
MED-PH,BIO-PH,1.7224822691981413e-05,4
MED-PH,MED-PH,0.00033576508653582004,11
SOC-PH,ED-PH,1.7360441340997646e-05,9
ACC-PH,INS-DET,5.1020697396243743e-05,36
MED-PH,Condensed Matter,1.2074441345785035e-06,3
Quantum Physics,MED-PH,9.20235166096696e-07,4
FLU-DYN,HIST-PH,4.429973198662148e-06,2
SUPR-CON,PLASM-PH,3.0223894073713964e-07,4
ATM-CLUS,COMP-PH,6.9667962490769e-06,5
Optics,COMP-PH,8.807996251316795e-06,25
MES-HALL,HIST-PH,2.7131946999369453e-07,1
INS-DET,Condensed Matter,2.6079640615597746e-07,3
Accelerator Physics,ACC-PH,7.271317077900043e-05,3
GEN-PH,SOC-PH,8.464020155653331e-06,18
GEN-PH,INS-DET,2.5295546845455593e-06,4
GEN-PH,Nuclear Experiment,2.2637407364899388e-07,2
OTHER,PLASM-PH,1.6083191456608697e-06,7
Condensed Matter,SPACE-PH,1.5666479452237212e-06,8
SPACE-PH,POP-PH,5.245213742460005e-05,4
ED-PH,POP-PH,0.00018027571580063627,17
Materials Science,SOC-PH,5.153793492648543e-07,6
POP-PH,SPACE-PH,2.6226068712300026e-05,2
DATA-AN,ATM-CLUS,1.743244491783217e-06,1
GEN-PH,SPACE-PH,1.9944042714441197e-05,14
MED-PH,Quantum Physics,2.30058791524174e-07,1
Superconductivity,DIS-NN,2.2838193681585337e-06,3
ED-PH,Materials Science,2.1044656761648217e-07,1
HIST-PH,Nuclear Experiment,2.114692460275502e-06,3
Chemical Physics,COMP-PH,2.9186002393252196e-06,1
CLASS-PH,GEO-PH,1.2526880597949767e-05,6
HIST-PH,GEO-PH,3.1282749127993365e-05,4
Nuclear Experiment,DIS-NN,2.8129058144057122e-08,1
STR-EL,CLASS-PH,3.4533208860300507e-07,6
SPACE-PH,SOFT,3.32859341630851e-07,1
AO-PH,SOFT,1.7522218172642912e-06,6
GEN-PH,ACC-PH,1.5734611235519436e-05,25
High Energy Physics - Experiment,CHEM-PH,5.649832425970246e-08,1
MED-PH,Astrophysics,6.623105179281497e-08,1
MED-PH,Nuclear Theory,6.216091222381907e-07,2
MED-PH,Nuclear Experiment,2.360043519202494e-06,2
Superconductivity,GEN-PH,6.126493715749071e-06,2
ATOM-PH,PLASM-PH,4.450524850395607e-06,15
Nuclear Theory,Chemical Physics,1.3890277916680556e-06,6
ACC-PH,STAT-MECH,1.0774636234103584e-06,19
QUANT-GAS,High Energy Physics - Lattice,1.729086696406958e-06,1
BIO-PH,GEO-PH,1.108184682671316e-05,6
GEO-PH,BIO-PH,9.234872355594301e-06,5
POP-PH,DATA-AN,8.65669703724544e-06,2
MES-HALL,SOC-PH,5.835655681142108e-07,8
FLU-DYN,High Energy Physics - Experiment,6.05176681332115e-08,1
ATOM-PH,Atomic Physics,1.4461190503046973e-05,5
Optics,BIO-PH,1.935974234506108e-06,5
CO,SOC-PH,5.027260319080213e-07,3
GEO-PH,COMP-PH,5.0418473328627606e-06,3
Plasma Physics,PLASM-PH,4.633490872022982e-05,2
SUPR-CON,CLASS-PH,4.789222334059432e-07,6
POP-PH,HIST-PH,0.0004346776141028737,27
CO,Nuclear Theory,1.0624291890945468e-08,1
ATOM-PH,ED-PH,3.866796591032125e-06,5
ATOM-PH,POP-PH,1.2147400022559457e-05,7
HIST-PH,ED-PH,0.00017219113215669393,24
HIST-PH,POP-PH,0.0004829751267809708,30
QUANT-GAS,Astrophysics,2.2199667360184275e-07,1
Accelerator Physics,Nuclear Experiment,4.358855887506647e-06,1
Accelerator Physics,Nuclear Theory,1.1480739910725766e-06,1
Galaxy Astrophysics,High Energy Physics - Experiment,6.762849413886384e-05,3
CLASS-PH,High Energy Physics - Experiment,1.5889220355680196e-07,2
DATA-AN,SUPR-CON,2.411609294213601e-07,3
DATA-AN,STR-EL,5.796390425383182e-08,1
Astrophysics,IM,1.3700366142285152e-05,8
High Energy Physics - Experiment,IM,6.44080896560608e-05,5
AO-PH,High Energy Physics - Phenomenology,1.4729748878403272e-07,4
HIST-PH,DIS-NN,1.3039628735690637e-06,3
ATOM-PH,SPACE-PH,9.563045332660095e-07,1
Galaxy Astrophysics,High Energy Physics - Theory,1.3004577611319185e-05,3
SOC-PH,ACC-PH,5.2690703463043795e-06,5
SOC-PH,Optics,2.203952921802428e-06,5
High Energy Physics - Lattice,CLASS-PH,8.226491771451605e-08,1
HE,Quantum Physics,4.62673791843061e-06,1
MES-HALL,Nuclear Experiment,3.511738547974773e-08,2
PLASM-PH,ED-PH,5.43931537150524e-06,3
INS-DET,IM,0.00017047391749062393,1
ACC-PH,GEO-PH,1.1257331337033242e-05,4
Astrophysics,SR,1.3700366142285152e-05,8
BIO-PH,CLASS-PH,1.3734329987879453e-06,2
Accelerator Physics,CLASS-PH,1.7980760586172796e-05,1
PLASM-PH,ATM-CLUS,1.1469938111491075e-05,7
CLASS-PH,SPACE-PH,1.894746814456918e-05,8
INS-DET,BIO-PH,1.860198632009926e-06,2
DATA-AN,PLASM-PH,1.4800858153755754e-06,2
ED-PH,SOC-PH,2.121831719455268e-05,11
INS-DET,DATA-AN,2.1176884160325955e-06,2
MED-PH,STAT-MECH,1.5828282132797704e-06,6
MED-PH,OTHER,1.5220005174801759e-06,1
High Energy Physics - Experiment,AO-PH,2.339350426187114e-06,11
High Energy Physics - Lattice,FLU-DYN,3.7598932190325793e-07,6
Nuclear Experiment,MED-PH,1.180021759601247e-06,1
Nuclear Theory,MED-PH,3.1080456111909535e-07,1
PLASM-PH,CLASS-PH,1.4696534924478182e-06,2
GEO-PH,SOC-PH,1.0513168795232909e-05,5
STAT-MECH,Galaxy Astrophysics,1.1937162775151603e-05,1
Condensed Matter,Galaxy Astrophysics,1.821228236322576e-05,1
Chemical Physics,ATOM-PH,1.4639723719133973e-06,1
SR,OTHER,3.935458480913026e-05,1
SR,High Energy Physics - Theory,7.431187206468106e-06,3
STAT-MECH,MED-PH,1.0552188088531802e-06,4
DIS-NN,MED-PH,5.093379843167558e-06,7
SOC-PH,MED-PH,9.804546368150912e-06,2
COMP-PH,MED-PH,7.836683515536225e-06,2
OTHER,SPACE-PH,7.405432625373975e-07,1
Materials Science,SPACE-PH,1.0409185064901268e-06,4
SUPR-CON,CO,6.843899715653076e-08,4
ACC-PH,HIST-PH,5.0955214286274234e-05,13
Optics,HIST-PH,1.6395082131163935e-05,10
INS-DET,HIST-PH,7.876682656332459e-06,2
High Energy Physics - Experiment,CO,6.811809293181124e-08,4
HE,High Energy Physics - Phenomenology,1.734837090123052e-06,1
General Relativity and Quantum Cosmology,AO-PH,3.6503491193897785e-07,4
INS-DET,SOFT,4.432828463723505e-07,3
BIO-PH,High Energy Physics - Experiment,7.028162550154725e-08,1
BIO-PH,Nuclear Experiment,3.329445650628616e-07,2
BIO-PH,INS-DET,1.860198632009926e-06,2
Condensed Matter,INS-DET,2.6079640615597746e-07,3
Nuclear Theory,AO-PH,5.307134487033609e-07,4
Nuclear Experiment,AO-PH,2.5186785199036052e-06,5
SR,Astrophysics,5.137637303356932e-06,3
Nuclear Theory,BIO-PH,1.3154082360691252e-07,3
ATOM-PH,BIO-PH,2.7727613902958345e-07,1
Galaxy Astrophysics,CO,4.721435316336166e-05,1
Nuclear Experiment,CO,4.033691000714367e-08,1
GEO-PH,ACC-PH,1.4071664171291554e-05,5
Accelerator Physics,INS-DET,4.8706833568749694e-05,2
DATA-AN,INS-DET,8.470753664130382e-06,8
CHEM-PH,INS-DET,7.47692620572912e-07,1
STAT-MECH,ACC-PH,1.1341722351687982e-07,2
OTHER,ACC-PH,1.308703532845187e-06,4
SR,SR,0.02040816326530612,1
PLASM-PH,DIS-NN,1.098417433114891e-07,1
ATM-CLUS,Optics,2.9279233118326164e-06,3
Optics,ATM-CLUS,1.9519488745550776e-06,2
ACC-PH,Materials Science,3.44912426734852e-07,3
HE,STAT-MECH,1.0610811355690312e-05,2
Materials Theory,SOFT,1.4178283406871363e-06,3
Chemical Physics,OTHER,1.133671167341201e-06,1
STR-EL,ED-PH,5.680462616875519e-07,4
SUPR-CON,ED-PH,7.877923694431096e-07,4
ACC-PH,OTHER,3.2717588321129675e-07,1
DATA-AN,ATOM-PH,6.31313729148102e-07,2
ACC-PH,SOFT,1.4705899653999592e-07,1
INS-DET,ATM-CLUS,2.3444350146058303e-06,1
POP-PH,SOFT,6.040179272520808e-07,1
ED-PH,SOFT,2.6918190236234036e-07,1
IM,High Energy Physics - Experiment,1.2881617931212161e-05,1
AO-PH,Materials Science,2.2831467241410802e-07,1
Accelerator and Optical Science,STAT-MECH,5.6174883647772244e-06,2
Accelerator and Optical Science,Materials Science,5.6944365355048114e-06,1
INS-DET,STR-EL,7.795384259435377e-08,1
High Energy Physics - Lattice,Chemical Physics,3.8424148809043506e-07,1
BIO-PH,AO-PH,5.514786982161503e-06,3
General Relativity and Quantum Cosmology,SR,2.2110686094589514e-05,4
Nuclear Experiment,SOC-PH,1.8951547336985422e-07,1
CHEM-PH,FLU-DYN,1.6820574927251014e-06,4
SPACE-PH,Optics,4.006217649792478e-06,3
Galaxy Astrophysics,Nuclear Theory,1.4063906390639063e-05,1
High Energy Physics - Phenomenology,Chemical Physics,1.2850645112022608e-07,2
Accelerator and Optical Science,Condensed Matter,4.285242908994297e-06,1
Accelerator and Optical Science,FLU-DYN,3.9478878799842084e-05,1
Astrophysics,EP,3.995940124833169e-06,1
Materials Theory,DIS-NN,5.026727108033414e-07,1
SOFT,INS-DET,1.477609487907835e-07,1
FLU-DYN,INS-DET,8.008841761304481e-07,1
SPACE-PH,CHEM-PH,1.6843183226884416e-06,1
SPACE-PH,COMP-PH,1.906504995043087e-06,1
SOFT,MED-PH,1.3682174042726693e-06,2
CLASS-PH,CHEM-PH,1.1040817903790313e-06,2
DATA-AN,MED-PH,2.9413639104452734e-05,6
ED-PH,ATOM-PH,1.5467186364128502e-06,2
BIO-PH,ACC-PH,1.8513615838768623e-06,2
BIO-PH,FLU-DYN,2.0924113471467356e-06,4
ACC-PH,FLU-DYN,1.5941590014188014e-06,2
PLASM-PH,CHEM-PH,1.0451483169976651e-06,2
Chemical Physics,ATM-CLUS,8.084924042138624e-06,1
COMP-PH,ATM-CLUS,5.57343699926152e-06,4
GEN-PH,BIO-PH,1.2391466245026375e-06,3
INS-DET,GEO-PH,5.655532807745818e-06,2
INS-DET,SPACE-PH,6.4156850668514384e-06,2
AO-PH,ED-PH,5.1271534044298605e-06,1
SOFT,ED-PH,1.0767276094493615e-06,4
GEO-PH,CLASS-PH,2.087813432991628e-06,1
INS-DET,MED-PH,6.5929139361014785e-06,1
MED-PH,ACC-PH,6.561593679872968e-06,1
INS-DET,COMP-PH,8.463244130740196e-07,1
STR-EL,AO-PH,1.540691511652558e-07,1
MES-HALL,AO-PH,1.9389103633983359e-07,1
COMP-PH,INS-DET,5.9242708915181366e-06,7
ATM-CLUS,PLASM-PH,1.638562587355868e-06,1
Materials Science,ED-PH,4.2089313523296434e-07,2
CHEM-PH,MED-PH,6.923385812597793e-06,2
MED-PH,CHEM-PH,3.4616929062988965e-06,1
INS-DET,ATOM-PH,8.490340963602758e-07,2
INS-DET,SUPR-CON,1.0810993136749117e-07,1
INS-DET,CHEM-PH,7.47692620572912e-07,1
INS-DET,AO-PH,8.44328364929977e-06,3
MED-PH,ATOM-PH,1.965443571132351e-06,1
ATOM-PH,INS-DET,2.547102289080827e-06,6
STAT-MECH,INS-DET,1.1395859451218713e-07,2
CO,FLU-DYN,1.267499413781521e-07,1
STR-EL,GEO-PH,4.643980101474061e-07,3
MES-HALL,GEO-PH,3.8961990240800686e-07,2
Materials Science,POP-PH,4.722215663589356e-07,1
Nuclear Experiment,COMP-PH,1.5147797055874163e-07,1
CLASS-PH,Nuclear Experiment,1.8817968148707112e-07,1
CLASS-PH,INS-DET,2.1027619778579165e-06,2
Nuclear Experiment,CLASS-PH,3.7635936297414224e-07,2
HIST-PH,BIO-PH,2.5723538838685114e-06,1
OTHER,INS-DET,9.862127458135268e-07,3
ATM-CLUS,BIO-PH,6.125133413062154e-06,4
ED-PH,OTHER,5.988741166606779e-07,1
CO,ATOM-PH,6.718513434843353e-08,1
CLASS-PH,SOC-PH,7.817721993988171e-07,1
CLASS-PH,MED-PH,4.867719716698712e-06,1
FLU-DYN,BIO-PH,2.6155141839334194e-06,5
CHEM-PH,DATA-AN,1.1119191056612249e-06,2
DATA-AN,CHEM-PH,5.559595528306124e-07,1
GEN-PH,ATM-CLUS,1.0411428416744493e-06,1
SOC-PH,SPACE-PH,4.770491646869126e-06,2
High Energy Physics - Experiment,SOC-PH,1.6002009852437466e-07,2
SOC-PH,CLASS-PH,7.817721993988171e-07,1
DIS-NN,PLASM-PH,1.098417433114891e-07,1
SPACE-PH,SUPR-CON,2.4353796367192905e-07,1
GEO-PH,SUPR-CON,2.1468275470606067e-07,1
AO-PH,SUPR-CON,2.136701002027302e-07,1
PLASM-PH,ACC-PH,3.962129961824877e-06,4
Materials Science,ACC-PH,1.1497080891161734e-07,1
HIST-PH,ACC-PH,3.919631868174941e-06,1
HIST-PH,INS-DET,3.938341328166229e-06,1
ATM-CLUS,INS-DET,2.3444350146058303e-06,1
SUPR-CON,HIST-PH,2.989971039140515e-07,1
COMP-PH,HIST-PH,2.340659597874681e-06,1
ACC-PH,POP-PH,5.793407102717108e-06,1
Atomic Physics,Optics,4.038788524994043e-06,1
Astrophysics,MED-PH,6.623105179281497e-08,1
Quantum Physics,AO-PH,9.8209059589329e-08,1
ACC-PH,CHEM-PH,7.441406366271974e-07,1
ED-PH,CHEM-PH,2.724201808870001e-06,2
CLASS-PH,BIO-PH,6.867164993939727e-07,1
QUANT-GAS,DIS-NN,2.4388935227865824e-06,1
Superconductivity,Astrophysics,6.929375939017057e-08,1
Superconductivity,SOFT,7.157437866281883e-07,1
Materials Theory,MES-HALL,3.1377786033621926e-07,1
Quantum Physics,Superconductivity,2.406973483576618e-07,1
Materials Theory,Materials Theory,1.4567915622632714e-05,1
Materials Theory,High Energy Physics - Lattice,3.5637664735105236e-07,1
HIST-PH,SOFT,4.0865899368540123e-07,1
STR-EL,POP-PH,3.1866009801984615e-07,1
High Energy Physics - Phenomenology,MED-PH,8.626261774092523e-08,1
Condensed Matter,MED-PH,4.0248137819283447e-07,1
High Energy Physics - Theory,MED-PH,1.9159598690709663e-07,2
HIST-PH,MES-HALL,2.7131946999369453e-07,1
ED-PH,FLU-DYN,2.9180040852057195e-06,2
SOC-PH,Materials Science,1.717931164216181e-07,2
GEO-PH,Optics,1.1771824373797802e-06,1
Nuclear Experiment,CHEM-PH,1.338245228620462e-07,1
High Energy Physics - Experiment,DIS-NN,1.1875586134398146e-08,1
PLASM-PH,OTHER,2.2975987795155283e-07,1
CLASS-PH,STR-EL,5.755534810050085e-08,1
ATOM-PH,FLU-DYN,2.387552257550037e-07,1
ED-PH,BIO-PH,1.6943983191568673e-06,1
